vendor_id,pickup_datetime,dropoff_datetime,passenger_count,trip_distance,rate_code,store_and_fwd_flag,payment_type,fare_amount,extra,mta_tax,tip_amount,tolls_amount,imp_surcharge,total_amount,pickup_location_id,dropoff_location_id
2,2018-11-29T05:31:22,2018-11-29T06:31:34,1,32.94,1,N,1,91,0.5,0.5,0,11.52,0.3,103.82,10,23
1,2018-11-29T06:24:18,2018-11-29T06:48:45,2,11.8,1,N,1,33.5,0.5,0.5,8.1,5.76,0.3,48.66,230,138
1,2018-11-29T07:18:54,2018-11-29T07:18:54,4,0,5,N,2,0,0,0,0,0,0,0,265,264
2,2018-11-29T08:08:16,2018-11-29T08:32:31,1,4.68,5,N,1,16.61,0,0.5,0,5.76,0.3,23.17,146,74
2,2018-11-29T09:02:40,2018-11-29T09:30:40,1,6.86,1,N,1,25.5,0,0.5,3,0,0.3,29.3,13,238
2,2018-11-29T10:15:00,2018-11-29T10:46:32,3,5.17,1,N,2,23.5,0,0.5,0,0,0.3,24.3,142,144
2,2018-11-29T09:58:14,2018-11-29T10:28:07,1,05.01,1,N,1,23,0,0.5,4.76,0,0.3,28.56,50,231
1,2018-11-29T11:19:49,2018-11-29T11:37:48,2,9,1,N,2,27,0,0.5,0,0,0.3,27.8,230,243
2,2018-11-29T11:58:25,2018-11-29T12:49:08,1,14.36,1,N,1,46.5,0,0.5,10.61,5.76,0.3,63.67,138,249
1,2018-11-29T11:23:01,2018-11-29T12:00:41,2,2,1,N,2,21.5,0,0.5,0,0,0.3,22.3,100,234
2,2018-11-29T11:28:41,2018-11-29T12:09:38,6,3.63,1,N,2,24,0,0.5,0,0,0.3,24.8,161,231
2,2018-11-29T11:16:24,2018-11-29T11:57:32,5,6.37,1,N,1,30,0,0.5,0,0,0.3,30.8,186,75
1,2018-11-29T11:51:58,2018-11-29T12:35:10,1,10.5,1,N,1,36.5,0,0.5,6.5,5.76,0.3,49.56,138,161
1,2018-11-29T12:25:03,2018-11-29T13:01:16,1,7.8,1,N,1,30,0,0.5,5,0,0.3,35.8,264,264
1,2018-11-29T12:27:49,2018-11-29T12:58:41,3,10.8,1,N,1,32.5,0,0.5,6.65,0,0.3,39.95,87,138
2,2018-11-29T13:53:35,2018-11-29T14:25:33,1,05.05,1,N,2,23,0,0.5,0,0,0.3,23.8,13,230
2,2018-11-29T14:51:02,2018-11-29T14:51:08,1,0.02,1,N,2,2.5,0,0.5,0,0,0.3,3.3,142,142
2,2018-11-29T14:29:02,2018-11-29T15:27:56,1,11.69,1,N,2,43.5,0,0.5,0,5.76,0.3,50.06,138,164
2,2018-11-29T16:19:35,2018-11-29T17:17:29,1,8.52,1,N,1,39.5,1,0.5,8,0,0.3,49.3,138,43
2,2018-11-29T16:45:38,2018-11-29T18:15:10,5,12.06,1,N,1,58,1,0.5,0,5.76,0.3,65.56,262,102
2,2018-11-29T16:24:45,2018-11-29T16:38:09,2,1.1,1,N,2,-9,-1,-0.5,0,0,-0.3,-10.8,236,140
2,2018-02-24T20:54:12,2018-02-24T21:32:19,2,8.38,1,N,1,32.5,0.5,0.5,6.76,0,0.3,40.56,234,41
2,2018-02-24T20:19:45,2018-02-24T20:52:32,1,04.03,1,N,1,21.5,0.5,0.5,4.56,0,0.3,27.36,161,231
1,2018-02-24T21:32:09,2018-02-24T22:09:13,1,3,1,N,1,22,0.5,0.5,4,0,0.3,27.3,144,186
2,2018-02-24T21:11:43,2018-02-24T21:43:22,5,15.65,1,N,1,43,0.5,0.5,4.94,5.76,0.3,55,138,87
2,2018-02-24T21:42:19,2018-02-24T22:05:58,1,9.81,1,N,1,29.5,0.5,0.5,7.31,5.76,0.3,43.87,138,238
1,2018-02-24T22:58:26,2018-02-24T23:41:26,3,7.2,1,N,1,30.5,0.5,0.5,0,0,0.3,31.8,186,255
2,2018-02-24T23:03:04,2018-02-24T23:44:15,1,8.57,1,N,1,32,0.5,0.5,6.66,0,0.3,39.96,142,49
2,2018-02-24T23:34:29,2018-02-25T00:14:29,1,22.4,4,N,1,103.5,0.5,0.5,0,10.5,0.3,115.3,68,265
1,2018-02-24T23:49:02,2018-02-25T00:22:05,1,11.1,1,N,1,37,0.5,0.5,7.65,0,0.3,45.95,138,158
1,2018-02-25T00:18:36,2018-02-25T00:49:38,1,6.8,1,N,1,24.5,0.5,0.5,0,0,0.3,25.8,79,181
1,2018-02-25T01:19:25,2018-02-25T01:50:16,4,20.4,1,N,2,55,0.5,0.5,0,0,0.3,56.3,132,14
1,2018-02-25T02:08:03,2018-02-25T02:38:46,1,7.7,1,N,1,26.5,0.5,0.5,6,0,0.3,33.8,158,177
2,2018-02-25T02:43:29,2018-02-25T03:18:55,1,9.9,1,N,2,33,0.5,0.5,0,0,0.3,34.3,48,160
1,2018-02-25T03:07:43,2018-02-25T03:29:16,1,6.8,1,N,1,23,0.5,0.5,10,0,0.3,34.3,4,24
1,2018-03-06T19:58:09,2018-03-06T20:31:58,1,6.2,1,N,1,25.5,1,0.5,4,0,0.3,31.3,158,226
2,2018-03-06T21:21:12,2018-03-06T21:36:32,1,7.68,1,N,2,22.5,0.5,0.5,0,0,0.3,23.8,151,47
1,2018-03-06T21:12:18,2018-03-06T21:40:25,1,14.4,1,N,2,40.5,0.5,0.5,0,0,0.3,41.8,132,7
2,2018-03-06T21:25:20,2018-03-06T21:50:44,1,10.94,1,N,1,31.5,0.5,0.5,6.56,0,0.3,39.36,138,33
1,2018-03-06T21:26:01,2018-03-06T22:16:03,1,17.3,1,N,1,52.5,0.5,0.5,3,11.52,0.3,68.32,170,214
2,2018-03-06T21:15:41,2018-03-06T22:05:26,1,17.89,1,N,1,55.5,0.5,0.5,8,0,0.3,64.8,132,49
2,2018-03-06T21:16:46,2018-03-06T21:41:43,1,9.61,1,N,1,29.5,0.5,0.5,7.31,5.76,0.3,43.87,138,151
2,2018-03-06T22:51:37,2018-03-06T23:05:22,3,8.4,1,N,2,24,0.5,0.5,0,0,0.3,25.3,132,95
1,2018-03-06T22:49:35,2018-03-06T23:50:45,1,10.4,5,N,1,65,0,0,15.15,10.5,0.3,90.95,144,265
2,2018-03-06T21:57:41,2018-03-06T22:33:11,1,17.44,1,N,2,48.5,0.5,0.5,0,5.76,0.3,55.56,132,213
1,2018-03-06T23:45:18,2018-03-07T00:19:03,1,16.2,1,N,1,46.5,0.5,0.5,13.35,5.76,0.3,66.91,164,175
1,2018-03-06T23:08:02,2018-03-06T23:32:42,2,6,1,N,2,21.5,0.5,0.5,0,0,0.3,22.8,114,24
1,2018-03-06T23:31:51,2018-03-06T23:58:07,1,6,1,N,1,22,0.5,0.5,3.5,0,0.3,26.8,186,223
1,2018-03-07T02:28:36,2018-03-07T02:52:20,1,6.4,1,N,1,22,0.5,0.5,0,0,0.3,23.3,164,260
1,2018-03-07T05:32:24,2018-03-07T05:32:45,1,0,1,N,3,2.5,0.5,0.5,0,0,0.3,3.8,132,132
2,2018-03-07T06:13:46,2018-03-07T06:31:29,1,6.84,1,N,2,22,0,0.5,0,0,0.3,22.8,42,137
1,2018-03-07T09:10:46,2018-03-07T09:37:11,1,9.5,1,N,1,30,0,0.5,7,5.76,0.3,43.56,90,138
1,2018-09-24T12:34:05,2018-09-24T13:48:16,1,13.8,1,N,3,51,0,0.5,0,5.76,0.3,57.56,138,241
2,2018-09-24T12:06:54,2018-09-24T12:07:03,1,0,1,N,2,2.5,0,0.5,0,0,0.3,3.3,132,132
2,2018-09-24T12:41:18,2018-09-24T13:23:17,1,2.58,1,N,1,24,0,0.5,4.96,0,0.3,29.76,246,161
1,2018-09-24T13:13:21,2018-09-24T13:40:00,1,9.8,1,N,1,31,0,0.5,7.5,5.76,0.3,45.06,230,138
1,2018-09-24T13:08:01,2018-09-24T13:49:47,1,11,1,N,2,36.5,0,0.5,0,5.76,0.3,43.06,138,163
2,2018-09-24T14:22:56,2018-09-24T15:18:07,1,11.9,1,N,2,47,0,0.5,0,5.76,0.3,53.56,138,230
1,2018-09-24T14:08:43,2018-09-24T14:41:00,1,7.1,1,N,2,27,0,0.5,0,0,0.3,27.8,162,80
1,2018-09-24T14:39:42,2018-09-24T14:56:08,1,7,1,N,1,22,0,0.5,5.7,0,0.3,28.5,238,127
2,2018-09-24T14:28:03,2018-09-24T15:00:17,2,6.44,1,N,2,24.5,0,0.5,0,0,0.3,25.3,238,137
2,2018-09-24T14:45:39,2018-09-24T15:27:04,1,3.54,1,N,2,25,0,0.5,0,0,0.3,25.8,144,230
2,2018-09-24T14:33:51,2018-09-24T15:15:27,1,20.3,3,N,1,75.5,0,0,18.26,15.5,0.3,109.56,236,1
2,2018-09-24T13:35:34,2018-09-24T14:03:06,2,13.33,3,N,1,55,0,0,17.58,15,0.3,87.88,234,1
2,2018-09-24T15:32:12,2018-09-24T16:02:41,1,6.26,1,N,1,25.5,0,0.5,5.26,0,0.3,31.56,236,68
2,2018-09-24T18:06:27,2018-09-24T18:35:46,1,6.28,1,N,1,23,1,0.5,6.2,0,0.3,31,170,166
1,2018-09-24T18:38:36,2018-09-24T18:59:09,1,6.1,1,N,1,21.5,1,0.5,4.65,0,0.3,27.95,65,234
2,2018-09-24T18:38:23,2018-09-24T19:06:20,1,13.07,1,N,1,37.5,1,0.5,11.26,5.76,0.3,56.32,138,261
2,2018-09-24T19:38:57,2018-09-24T20:21:33,2,3.31,1,N,1,26,1,0.5,5.56,0,0.3,33.36,230,236
1,2018-09-24T19:38:45,2018-09-24T20:30:29,1,12.1,1,N,2,45.5,1,0.5,0,0,0.3,47.3,161,121
2,2018-09-24T19:13:34,2018-09-24T19:37:08,1,7.82,1,N,1,25.5,1,0.5,6.61,5.76,0.3,39.67,170,223
2,2018-09-24T19:08:34,2018-09-24T19:28:05,1,08.04,1,N,1,24.5,1,0.5,4.81,5.76,0.3,36.87,138,236
1,2018-09-24T20:02:55,2018-09-24T20:39:22,1,9.1,1,N,1,32.5,0.5,0.5,7.9,5.76,0.3,47.46,230,49
2,2018-09-24T20:18:59,2018-09-24T20:43:16,5,7.86,1,N,1,25.5,0.5,0.5,5.2,0,0.3,32,88,238
2,2018-09-24T20:31:44,2018-09-24T20:56:12,1,6.13,1,N,1,22.5,0.5,0.5,3.57,0,0.3,27.37,236,148
2,2018-09-24T21:37:09,2018-09-24T22:11:00,1,5.12,1,N,1,24,0.5,0.5,05.06,0,0.3,30.36,211,239
2,2018-09-24T22:10:28,2018-09-24T22:31:44,1,07.02,1,N,1,23.5,0.5,0.5,6.2,0,0.3,31,170,181
2,2018-09-24T22:10:06,2018-09-24T22:25:44,4,7.81,1,N,1,23,0.5,0.5,06.01,5.76,0.3,36.07,264,264
2,2018-09-24T22:25:30,2018-09-24T22:56:23,1,9.98,1,N,1,33,0.5,0.5,5,0,0.3,39.3,138,189
2,2018-09-24T23:55:47,2018-09-24T23:55:54,1,0.02,1,N,3,-2.5,-0.5,-0.5,0,0,-0.3,-3.8,264,132
2,2018-04-14T17:19:59,2018-04-14T17:58:45,1,10.37,1,N,1,31,0,0.5,6.5,5.76,0.3,44.06,138,229
1,2018-04-14T17:56:06,2018-04-14T18:24:28,1,5.1,1,N,1,21.5,0,0.5,4.45,0,0.3,26.75,166,230
1,2018-04-14T17:29:43,2018-04-14T17:53:49,1,7.1,1,N,1,23,0,0.5,4.75,0,0.3,28.55,45,263
1,2018-04-14T18:40:56,2018-04-14T19:04:38,2,7.1,1,N,2,23,0,0.5,0,0,0.3,23.8,142,244
1,2018-04-14T18:10:49,2018-04-14T18:11:02,1,21.7,1,N,3,2.5,0,0.5,0,0,0.3,3.3,132,132
1,2018-04-14T21:57:13,2018-04-14T22:11:39,1,9.9,4,N,2,37.5,0.5,0.5,0,0,0.3,38.8,132,265
2,2018-04-14T21:34:57,2018-04-14T22:18:35,2,20.21,1,N,1,57,0.5,0.5,0,5.76,0.3,64.06,132,167
1,2018-04-14T21:58:15,2018-04-14T22:36:07,1,4.8,1,N,1,25.5,0.5,0.5,5.35,0,0.3,32.15,68,145
1,2018-04-14T22:22:26,2018-04-14T23:10:25,1,11.7,1,N,1,40,0.5,0.5,6,0,0.3,47.3,113,149
2,2018-04-14T18:29:36,2018-04-15T18:05:57,1,6.25,1,N,1,26.5,0.5,0.5,5.56,0,0.3,33.36,164,7
2,2018-04-15T00:36:17,2018-04-15T00:37:27,1,0.28,1,N,1,3,0.5,0.5,0.64,0,0.3,4.94,236,236
2,2018-04-15T00:13:02,2018-04-15T01:02:23,1,11.86,1,N,2,41,0.5,0.5,0,0,0.3,42.3,148,107
2,2018-11-06T09:25:53,2018-11-06T10:16:47,1,9.55,1,N,1,37.5,0,0.5,8.81,5.76,0.3,52.87,138,100
2,2018-11-06T09:11:14,2018-11-06T09:51:04,2,4.85,1,N,1,26,0,0.5,5.36,0,0.3,32.16,163,74
2,2018-11-06T11:30:50,2018-11-06T12:06:27,1,3.3,1,N,1,22,0,0.5,4,0,0.3,26.8,239,170
1,2018-11-06T12:16:02,2018-11-06T13:00:27,1,10.6,1,N,4,38,0,0.5,0,5.76,0.3,44.56,138,237
1,2018-11-06T12:45:28,2018-11-06T13:15:32,1,7.2,1,N,1,26.5,0,0.5,5.45,0,0.3,32.75,151,231
2,2018-11-06T13:20:49,2018-11-06T13:58:10,1,4.51,1,N,2,24,0,0.5,0,0,0.3,24.8,43,125
1,2018-11-06T13:07:32,2018-11-06T13:51:56,1,11.1,1,N,1,39,0,0.5,8,5.76,0.3,53.56,138,164
1,2018-11-06T13:40:10,2018-11-06T14:21:17,1,3.6,1,N,1,24.5,0,0.5,05.05,0,0.3,30.35,238,164
2,2018-11-06T13:54:51,2018-11-06T14:48:21,1,13.76,5,N,1,120,0,0.5,27.41,16.26,0.3,164.47,138,265
2,2018-11-06T13:32:45,2018-11-06T15:05:23,2,09.04,1,N,2,29.5,0,0.5,0,5.76,0.3,36.06,138,236
2,2018-11-06T14:07:30,2018-11-06T14:45:55,1,10.41,1,N,1,36,0,0.5,8.51,5.76,0.3,51.07,163,138
2,2018-11-06T14:57:59,2018-11-06T15:41:59,1,9.42,1,N,2,36.5,0,0.5,0,5.76,0.3,43.06,138,161
2,2018-11-06T15:43:16,2018-11-06T16:37:56,1,20.17,1,N,2,57,0,0.5,0,5.76,0.3,63.56,132,254
2,2018-11-06T16:49:50,2018-11-06T17:39:21,2,16.41,5,N,1,100,0,0.5,23.16,15,0.3,138.96,246,1
2,2018-11-06T17:18:39,2018-11-06T17:54:17,2,05.06,1,N,1,24,0,0.5,0,0,0.3,24.8,161,42
2,2018-11-06T17:44:44,2018-11-06T18:27:11,3,8.81,1,N,1,32.5,0,0.5,6,0,0.3,39.3,66,179
2,2018-11-06T17:36:54,2018-11-06T18:13:40,1,5.95,1,N,1,25.5,0,0.5,6.58,0,0.3,32.88,114,188
2,2018-11-06T17:07:52,2018-11-06T17:08:53,1,0.29,1,N,2,3,0,0.5,0,0,0.3,3.8,75,75
2,2018-11-06T18:14:29,2018-11-06T18:49:49,1,5.56,1,N,1,25,0,0.5,5.16,0,0.3,30.96,68,255
2,2018-06-12T19:34:21,2018-06-12T20:08:45,6,6.66,1,N,2,25,1,0.5,0,0,0.3,26.8,75,137
2,2018-06-12T20:09:19,2018-06-12T21:12:44,2,22.24,1,N,1,67,0.5,0.5,0,0,0.3,68.3,89,235
1,2018-06-12T20:27:46,2018-06-12T20:57:15,1,20.8,1,N,1,55,0.5,0.5,5,0,0.3,61.3,132,14
2,2018-06-12T21:09:40,2018-06-12T21:45:32,1,9.81,1,N,1,33,0.5,0.5,6.86,0,0.3,41.16,25,239
1,2018-06-12T21:32:40,2018-06-12T21:54:57,1,13.6,1,N,2,37,0.5,0.5,0,0,0.3,38.3,132,129
2,2018-06-12T21:35:13,2018-06-12T21:51:11,6,6.95,1,N,1,21.5,0.5,0.5,5.7,0,0.3,28.5,238,127
2,2018-06-12T21:08:51,2018-06-12T21:34:34,1,7.48,1,N,1,25.5,0.5,0.5,04.02,0,0.3,30.82,211,262
2,2018-06-12T22:30:49,2018-06-12T22:53:12,5,9.74,1,N,1,28.5,0.5,0.5,5.96,0,0.3,35.76,13,236
2,2018-06-12T22:24:18,2018-06-12T22:41:27,1,07.07,1,N,1,21.5,0.5,0.5,6.84,0,0.3,29.64,255,106
1,2018-06-12T22:02:49,2018-06-12T22:38:35,1,12.3,1,N,1,38.5,0.5,0.5,2,0,0.3,41.8,229,89
1,2018-06-12T22:30:13,2018-06-12T22:52:56,1,7.4,1,N,2,24.5,0.5,0.5,0,0,0.3,25.8,142,243
1,2018-06-12T23:08:09,2018-06-12T23:28:46,1,7.2,1,N,1,23.5,0.5,0.5,4.95,0,0.3,29.75,237,256
2,2018-06-13T02:45:17,2018-06-13T03:29:01,2,18.8,1,N,2,53.5,0.5,0.5,0,0,0.3,54.8,132,22
2,2018-06-13T06:35:11,2018-06-13T07:04:14,2,9.67,1,N,1,31,0,0.5,11.27,5.76,0.3,50.78,260,244
1,2018-06-13T07:20:41,2018-06-13T07:53:39,1,10.7,1,N,1,32,0,0.5,3.86,5.76,0.3,42.42,138,43
1,2018-06-13T07:54:48,2018-06-13T08:16:59,1,8.2,1,N,1,25.5,0,0.5,3.42,0,0.3,29.72,236,88
1,2018-06-13T08:15:40,2018-06-13T08:35:35,1,9.3,1,N,1,27,0,0.5,6.7,5.78,0.3,40.28,107,138
2,2018-06-13T08:46:07,2018-06-13T09:24:10,1,9.17,1,N,1,33,0,0.5,7,0,0.3,40.8,43,13
1,2018-06-13T09:22:32,2018-06-13T09:55:20,1,6.3,1,N,1,26,0,0.5,5.35,0,0.3,32.15,263,246
2,2018-11-16T22:10:27,2018-11-16T22:36:51,1,10.47,1,N,1,31,0.5,0.5,5,0,0.3,37.3,138,189
2,2018-11-16T23:59:28,2018-11-17T00:22:16,4,9.9,1,N,2,29.5,0.5,0.5,0,0,0.3,30.8,132,92
2,2018-11-17T00:35:48,2018-11-17T01:07:55,1,6.69,1,N,1,25.5,0.5,0.5,5.36,0,0.3,32.16,90,37
2,2018-11-17T00:15:16,2018-11-17T00:37:20,1,9.84,1,N,1,28.5,0.5,0.5,8.89,5.76,0.3,44.45,138,239
2,2018-11-17T01:02:15,2018-11-17T01:53:29,1,15.21,1,N,2,48,0.5,0.5,0,0,0.3,49.3,132,52
1,2018-11-17T02:17:52,2018-11-17T02:36:09,1,12.4,1,N,1,34.5,0.5,0.5,8.3,5.76,0.3,49.86,138,220
2,2018-11-17T02:36:12,2018-11-17T03:02:52,1,8.48,1,N,1,26.5,0.5,0.5,5.56,0,0.3,33.36,161,228
1,2018-11-17T02:19:33,2018-11-17T02:46:04,1,10.4,1,N,2,32,0.5,0.5,0,0,0.3,33.3,231,173
2,2018-11-17T05:00:16,2018-11-17T05:22:13,2,07.06,1,N,2,22,0.5,0.5,0,0,0.3,23.3,148,41
2,2018-11-17T06:26:48,2018-11-17T07:07:55,1,22.67,5,N,2,118.75,0,0,0,16.26,0.3,135.31,132,265
2,2018-11-17T07:52:36,2018-11-17T07:53:06,2,0,1,N,2,2.5,0,0.5,0,0,0.3,3.3,246,246
2,2018-11-17T10:13:46,2018-11-17T10:39:43,1,15.41,3,N,1,59.5,0,0,7,10.5,0.3,77.3,231,1
1,2018-11-17T11:38:14,2018-11-17T11:38:14,1,0,1,Y,2,2.5,0,0.5,0,0,0.3,3.3,197,264
1,2018-11-17T11:43:42,2018-11-17T12:18:20,1,3.7,1,N,2,21.5,0,0.5,0,0,0.3,22.3,186,158
1,2018-11-17T12:24:58,2018-11-17T12:39:19,1,8.9,1,N,1,25,0,0.5,6.3,5.76,0.3,37.86,233,138
2,2018-11-17T12:45:10,2018-11-17T13:02:31,1,07.07,1,N,1,21.5,0,0.5,4.46,0,0.3,26.76,138,255
2,2018-11-17T12:35:57,2018-11-17T13:07:46,4,4.54,1,N,1,22,0,0.5,2,0,0.3,24.8,68,236
2,2018-09-01T21:48:01,2018-09-01T22:11:20,1,10.4,1,N,2,30.5,0.5,0.5,0,5.76,0.3,37.56,138,163
1,2018-09-01T23:00:21,2018-09-01T23:17:41,1,6.9,1,N,2,21.5,0.5,0.5,0,0,0.3,22.8,41,60
2,2018-09-02T00:47:35,2018-09-02T01:10:46,2,5.94,1,N,1,22,0.5,0.5,3.5,0,0.3,26.8,249,263
1,2018-09-02T00:17:36,2018-09-02T01:11:49,1,7.7,1,N,2,35.5,0.5,0.5,0,0,0.3,36.8,189,85
2,2018-09-02T00:11:00,2018-09-02T01:00:53,2,24.14,1,N,1,67.5,0.5,0.5,13.76,0,0.3,82.56,132,107
1,2018-09-02T01:36:17,2018-09-02T02:01:59,1,7.9,1,N,1,25.5,0.5,0.5,5.35,0,0.3,32.15,90,129
2,2018-09-02T01:27:54,2018-09-02T01:46:56,1,6.64,1,N,1,21.5,0.5,0.5,5.71,5.76,0.3,34.27,170,36
2,2018-09-02T04:03:57,2018-09-02T04:28:00,1,10.45,1,N,2,30.5,0.5,0.5,0,5.76,0.3,37.56,158,21
1,2018-09-02T08:29:43,2018-09-02T08:57:24,1,8.6,1,N,1,28.5,0,0.5,4.4,0,0.3,33.7,216,17
1,2018-09-02T09:19:29,2018-09-02T09:41:38,1,10,1,N,2,29.5,0,0.5,0,0,0.3,30.3,237,181
1,2018-09-02T10:08:06,2018-09-02T10:31:33,4,6,1,N,1,22,0,0.5,4.55,0,0.3,27.35,161,41
1,2018-09-02T10:16:44,2018-09-02T10:45:11,3,11.9,1,N,2,35,0,0.5,0,5.76,0.3,41.56,100,138
1,2018-09-02T11:50:51,2018-09-02T11:51:47,1,0.2,1,N,2,3,0,0.5,0,0,0.3,3.8,43,142
1,2018-09-02T11:11:04,2018-09-02T11:40:25,2,14.2,1,N,1,40,0,0.5,9.3,5.76,0.3,55.86,144,138
2,2018-09-02T13:53:33,2018-09-02T14:20:20,1,5.47,1,N,2,22,0,0.5,0,0,0.3,22.8,191,215
2,2018-09-02T14:22:51,2018-09-02T14:28:31,4,0.1,1,N,3,-5,0,-0.5,0,0,-0.3,-5.8,163,163
2,2018-09-02T14:46:33,2018-09-02T15:19:00,1,7.52,1,N,1,27.5,0,0.5,07.08,0,0.3,35.38,170,198
1,2018-09-02T14:36:46,2018-09-02T14:37:14,1,15.7,5,N,1,286,0,0,20,40,0.3,346.3,265,265
1,2018-09-02T15:40:29,2018-09-02T16:12:27,4,12,1,N,2,35,0,0.5,0,0,0.3,35.8,132,82
2,2018-09-02T16:29:36,2018-09-02T16:53:48,3,9.63,1,N,1,29,0,0.5,7.11,5.76,0.3,42.67,138,243
1,2018-09-02T16:03:21,2018-09-02T16:31:15,1,5.8,1,N,2,23,0,0.5,0,0,0.3,23.8,163,12
2,2018-08-20T12:25:00,2018-08-20T12:58:17,1,7.64,1,N,2,29,0,0.5,0,0,0.3,29.8,170,189
2,2018-08-20T13:57:55,2018-08-20T14:25:50,1,11.32,1,N,1,35,0,0.5,8.31,5.76,0.3,49.87,261,21
2,2018-08-20T13:19:03,2018-08-20T13:47:35,1,9.8,1,N,1,29,0,0.5,5.96,0,0.3,35.76,138,49
1,2018-08-20T14:03:12,2018-08-20T14:28:01,1,10.1,1,N,1,29,0,0.5,7.1,5.76,0.3,42.66,138,162
2,2018-08-20T14:23:51,2018-08-20T14:54:22,1,9.64,1,N,1,30.5,0,0.5,7.41,5.76,0.3,44.47,138,237
2,2018-08-20T16:24:19,2018-08-20T16:50:36,2,10.56,1,N,1,31,1,0.5,6.56,0,0.3,39.36,138,33
2,2018-08-20T18:09:51,2018-08-20T18:43:21,1,9.24,1,N,1,32,1,0.5,7.91,5.76,0.3,47.47,161,40
2,2018-08-20T17:55:50,2018-08-20T18:28:40,2,5.27,1,N,1,23.5,1,0.5,2,0,0.3,27.3,170,24
2,2018-08-20T20:25:56,2018-08-20T20:49:02,2,13.15,1,N,1,35.5,0.5,0.5,8.51,5.76,0.3,51.07,162,131
2,2018-08-20T21:52:59,2018-08-20T22:20:53,1,5.1,1,N,1,21.5,0.5,0.5,5.2,0,0.3,28,114,262
2,2018-08-20T22:51:59,2018-08-20T23:29:10,1,6.66,1,N,2,27.5,0.5,0.5,0,0,0.3,28.8,90,7
2,2018-08-20T23:00:11,2018-08-20T23:21:31,1,6.83,1,N,1,22.5,0.5,0.5,0,0,0.3,23.8,114,151
1,2018-08-21T03:33:10,2018-08-21T03:52:52,1,8.3,1,N,1,25,0.5,0.5,3,0,0.3,29.3,249,89
1,2018-07-03T22:38:41,2018-07-03T23:00:39,1,7.9,1,N,1,25.5,0.5,0.5,5.35,0,0.3,32.15,234,228
1,2018-07-04T00:45:16,2018-07-04T01:04:23,1,8.3,1,N,1,25.5,0.5,0.5,5.35,0,0.3,32.15,158,244
1,2018-07-04T01:14:27,2018-07-04T01:36:47,1,13.7,1,N,1,37.5,0.5,0.5,9.7,0,0.3,48.5,48,185
1,2018-07-04T01:07:03,2018-07-04T01:32:18,2,9.6,1,N,2,30,0.5,0.5,0,0,0.3,31.3,211,244
1,2018-07-04T01:09:55,2018-07-04T01:27:17,1,6.9,1,N,1,22,0.5,0.5,4.65,0,0.3,27.95,148,75
1,2018-07-04T03:04:28,2018-07-04T03:22:34,1,9.4,1,N,1,27.5,0.5,0.5,7.2,0,0.3,36,164,243
1,2018-07-04T04:23:42,2018-07-04T04:52:31,1,14.6,1,N,2,42,0.5,0.5,0,0,0.3,43.3,234,18
1,2018-07-04T04:51:29,2018-07-04T05:05:35,1,7.4,1,N,2,23,0.5,0.5,0,0,0.3,24.3,211,83
2,2018-07-04T06:02:25,2018-07-04T06:22:33,1,11.25,1,N,2,32,0,0.5,0,0,0.3,32.8,132,98
2,2018-07-04T06:06:01,2018-07-04T06:21:49,1,10.78,1,N,1,30,0,0.5,5.2,0,0.3,36,132,192
2,2018-07-04T07:31:19,2018-07-04T08:03:47,3,11.27,1,N,2,36,0,0.5,0,0,0.3,36.8,132,71
1,2018-07-04T10:11:38,2018-07-04T10:29:14,1,10.2,1,N,1,29,0,0.5,5,5.76,0.3,40.56,163,138
2,2018-07-04T12:25:02,2018-07-04T12:25:56,1,0.28,1,N,1,3,0,0.5,0.76,0,0.3,4.56,107,107
2,2018-07-04T12:09:29,2018-07-04T12:32:10,4,11.46,1,N,2,32.5,0,0.5,0,0,0.3,33.3,138,100
1,2018-07-04T13:17:06,2018-07-04T13:44:18,4,14.1,1,N,1,40,0,0.5,10.2,0,0.3,51,13,138
2,2018-07-04T17:14:33,2018-07-04T18:15:20,6,11.85,1,N,2,48.5,0,0.5,0,5.76,0.3,55.06,138,107
1,2018-07-04T17:39:49,2018-07-04T18:17:41,1,12.6,1,N,2,39.5,0,0.5,0,0,0.3,40.3,151,181
2,2018-07-04T18:11:47,2018-07-04T18:34:49,1,7.84,1,N,1,25.5,0,0.5,6.41,5.76,0.3,38.47,68,181
2,2018-07-04T19:09:39,2018-07-04T19:33:54,1,8.91,1,N,1,28.5,0,0.5,2,0,0.3,31.3,234,116
2,2018-08-08T13:21:55,2018-08-08T14:03:19,6,4.82,1,N,1,26,0,0.5,6.7,0,0.3,33.5,164,75
1,2018-08-08T13:45:53,2018-08-08T14:25:47,1,4.9,1,N,1,27.5,0,0.5,4.25,0,0.3,32.55,114,143
2,2018-08-08T14:15:18,2018-08-08T14:52:50,1,2.23,1,N,2,22,0,0.5,0,0,0.3,22.8,162,229
2,2018-08-08T14:34:58,2018-08-08T15:05:34,2,6.95,1,N,1,26,0,0.5,4,0,0.3,30.8,162,231
1,2018-08-08T15:59:49,2018-08-08T16:29:38,2,5.8,1,N,2,23,1,0.5,0,0,0.3,24.8,163,13
2,2018-08-08T15:17:31,2018-08-08T15:45:33,1,08.09,1,N,1,27,0,0.5,6.71,5.76,0.3,40.27,138,234
1,2018-08-08T15:14:33,2018-08-08T15:39:26,1,6.3,1,N,2,22.5,0,0.5,0,0,0.3,23.3,170,33
2,2018-08-08T15:50:55,2018-08-08T17:43:13,1,39.63,1,N,1,120.5,0,0.5,15,5.76,0.3,142.06,19,114
2,2018-08-08T19:08:42,2018-08-08T19:32:43,1,6.13,1,N,1,22,1,0.5,4.76,0,0.3,28.56,144,238
2,2018-08-08T20:48:09,2018-08-08T20:48:30,1,0.04,1,N,1,2.5,0.5,0.5,0,0,0.3,3.8,49,217
1,2018-08-08T21:06:16,2018-08-08T21:29:45,1,6.1,1,N,2,22.5,0.5,0.5,0,0,0.3,23.8,239,209
1,2018-02-04T17:16:16,2018-02-04T17:48:27,1,5.3,1,N,2,22.5,0,0.5,0,0,0.3,23.3,87,62
1,2018-02-04T17:08:30,2018-02-04T17:38:49,1,10.3,1,N,1,32,0,0.5,8.2,0,0.3,41,138,144
2,2018-02-04T17:46:46,2018-02-04T18:24:00,1,7.87,1,N,1,31,0,0.5,6.36,0,0.3,38.16,229,158
2,2018-02-04T18:57:19,2018-02-04T19:28:40,1,7.86,1,N,1,28,0,0.5,10.37,5.76,0.3,44.93,230,54
2,2018-02-04T19:44:17,2018-02-04T20:18:15,2,11.29,1,N,1,35,0,0.5,0,0,0.3,35.8,144,167
1,2018-02-04T19:50:15,2018-02-04T20:12:05,1,11,1,N,1,31,0,0.5,9.35,5.76,0.3,46.91,138,229
2,2018-02-04T19:28:10,2018-02-04T19:50:36,5,9.29,1,N,1,27.5,0,0.5,6,5.76,0.3,40.06,138,236
1,2018-02-04T20:24:54,2018-02-04T20:52:05,1,8.6,1,N,1,27.5,0.5,0.5,4.32,0,0.3,33.12,237,243
2,2018-02-04T20:50:42,2018-02-04T21:21:03,1,11.16,1,N,2,34.5,0.5,0.5,0,0,0.3,35.8,138,61
2,2018-02-04T20:41:34,2018-02-04T21:00:26,1,11.87,1,N,1,32.5,0.5,0.5,6.76,0,0.3,40.56,138,132
1,2018-02-04T21:13:44,2018-02-04T21:42:09,2,12,1,N,1,35.5,0.5,0.5,8.5,5.76,0.3,51.06,100,14
2,2018-02-04T21:13:00,2018-02-04T21:43:20,1,6.34,1,N,1,23,0.5,0.5,4.86,0,0.3,29.16,113,37
2,2018-02-04T22:53:08,2018-02-04T23:24:12,2,8.82,1,N,1,29.5,0.5,0.5,5,0,0.3,35.8,13,43
1,2018-02-04T23:28:33,2018-02-05T00:02:45,2,9.1,1,N,1,30,0.5,0.5,6.25,0,0.3,37.55,163,181
2,2018-02-04T22:59:56,2018-02-04T23:25:09,1,5.93,1,N,1,22.5,0.5,0.5,4,0,0.3,27.8,107,112
2,2018-02-04T23:54:14,2018-02-05T00:27:28,1,21.13,1,N,1,57,0.5,0.5,2,0,0.3,60.3,132,217
2,2018-02-04T23:39:15,2018-02-05T22:59:34,1,10.2,1,N,1,30,0.5,0.5,7.7,0,0.3,39,138,79
2,2018-02-05T00:40:57,2018-02-05T00:54:39,1,8.77,1,N,1,24.5,0.5,0.5,6.31,5.76,0.3,37.87,138,170
2,2018-02-05T05:59:37,2018-02-05T06:24:01,1,9.29,1,N,2,28.5,0,0.5,0,5.76,0.3,35.06,24,138
1,2018-02-05T07:50:35,2018-02-05T08:20:01,2,8.4,1,N,1,27.5,0,0.5,1,0,0.3,29.3,140,114
2,2018-02-05T07:51:16,2018-02-05T08:21:10,2,12.06,1,N,2,35.5,0,0.5,0,5.76,0.3,42.06,230,138
1,2018-02-05T07:06:03,2018-02-05T07:23:27,1,9.1,1,N,1,26,0,0.5,5.35,0,0.3,32.15,236,231
2,2018-02-05T09:41:54,2018-02-05T10:19:12,1,3.43,1,N,1,23,0,0.5,5.95,0,0.3,29.75,45,162
1,2018-01-25T19:43:21,2018-01-25T20:24:48,1,18.1,1,N,2,53.5,1,0.5,0,0,0.3,55.3,132,149
2,2018-01-25T20:22:25,2018-01-25T20:58:28,3,5.93,1,N,1,27,0.5,0.5,07.08,0,0.3,35.38,162,87
2,2018-01-25T19:59:35,2018-01-25T20:32:33,1,5.47,1,N,1,23.5,0.5,0.5,4.96,0,0.3,29.76,148,48
1,2018-01-25T20:58:11,2018-01-25T21:20:44,1,10.2,1,N,1,30,0.5,0.5,4,0,0.3,35.3,170,169
2,2018-01-25T21:52:09,2018-01-25T22:12:15,1,6.79,1,N,1,23,0.5,0.5,4.86,0,0.3,29.16,237,42
1,2018-01-25T22:31:58,2018-01-25T22:59:15,1,7.1,1,N,1,26,0.5,0.5,6.8,0,0.3,34.1,163,256
2,2018-01-25T22:33:43,2018-01-25T23:06:09,1,11.38,1,N,1,34.5,0.5,0.5,5,0,0.3,40.8,170,96
1,2018-01-25T23:39:23,2018-01-26T00:00:11,1,13.9,1,N,1,38.5,0.5,0.5,0,0,0.3,39.8,238,3
2,2018-01-25T23:11:38,2018-01-25T23:48:18,1,12.32,1,N,1,40,0.5,0.5,6.7,0,0.3,48,161,121
1,2018-01-25T23:10:45,2018-01-25T23:59:38,2,11.5,1,N,1,40.5,0.5,0.5,8.35,0,0.3,50.15,48,17
2,2018-01-26T00:28:51,2018-01-26T00:53:59,1,8.44,1,N,1,27.5,0.5,0.5,5,0,0.3,33.8,90,116
2,2018-01-26T00:25:58,2018-01-26T00:49:04,2,08.06,1,N,1,26,0.5,0.5,5,5.76,0.3,38.06,230,196
1,2018-01-26T02:20:07,2018-01-26T02:47:43,1,11.3,1,N,1,34.5,0.5,0.5,0.05,0,0.3,35.85,114,243
1,2018-01-26T04:40:47,2018-01-26T04:56:35,1,7.9,1,N,1,24,0.5,0.5,6.2,5.76,0.3,37.26,162,196
1,2018-01-26T04:13:40,2018-01-26T04:14:33,1,0.3,1,N,1,3,0.5,0.5,0.85,0,0.3,5.15,239,238
2,2018-01-26T05:54:36,2018-01-26T05:54:41,1,0.01,5,N,1,45,0,0.5,9.16,0,0.3,54.96,138,138
2,2018-01-26T06:38:41,2018-01-26T07:06:14,2,18.21,3,N,1,66,0,0,16.56,16.5,0.3,99.36,239,1
2,2018-01-26T08:42:16,2018-01-26T09:27:36,2,8,1,N,1,32.5,0,0.5,5,0,0.3,38.3,237,249
1,2018-10-26T15:23:39,2018-10-26T16:00:55,2,8.5,1,N,1,31.5,0,0.5,7.6,5.76,0.3,45.66,141,138
2,2018-10-26T17:58:47,2018-10-26T19:02:01,1,13.39,1,N,2,45.5,1,0.5,0,0,0.3,47.3,74,62
1,2018-10-26T19:42:09,2018-10-26T19:42:34,1,0,5,N,1,65,0,0,13.05,0,0.3,78.35,132,132
2,2018-10-26T19:37:39,2018-10-26T20:08:04,1,06.04,1,N,1,24,1,0.5,5.16,0,0.3,30.96,161,231
2,2018-10-26T20:28:41,2018-10-26T21:05:52,1,9.16,1,N,1,33,0.5,0.5,6.86,0,0.3,41.16,138,79
2,2018-10-26T20:09:09,2018-10-26T20:48:20,1,12.03,5,N,1,34.33,0,0.5,0,0,0.3,35.13,79,127
2,2018-10-26T20:08:24,2018-10-26T20:35:34,2,5.42,1,N,1,22.5,0.5,0.5,4.76,0,0.3,28.56,125,238
2,2018-10-26T20:06:29,2018-10-26T20:40:58,1,4.42,1,N,1,23,0.5,0.5,06.08,0,0.3,30.38,234,66
1,2018-10-26T20:43:23,2018-10-26T21:25:56,1,11.7,1,N,1,38.5,0.5,0.5,2,5.76,0.3,47.56,138,143
1,2018-10-26T21:31:21,2018-10-26T21:52:44,2,8.4,1,N,1,26,0.5,0.5,6.6,5.76,0.3,39.66,138,140
1,2018-10-26T22:35:08,2018-10-26T22:36:02,1,0,1,N,2,2.5,0.5,0.5,0,0,0.3,3.8,186,186
2,2018-10-26T22:35:08,2018-10-26T23:12:26,1,3.96,1,N,1,23,0.5,0.5,4.86,0,0.3,29.16,186,209
2,2018-10-26T22:07:36,2018-10-26T22:39:47,1,6.29,1,N,1,25,0.5,0.5,5.26,0,0.3,31.56,162,162
1,2018-10-26T23:37:17,2018-10-27T00:09:57,1,4.7,1,N,1,23,0.5,0.5,4.85,0,0.3,29.15,264,264
1,2018-10-26T23:36:21,2018-10-27T00:11:38,1,7.7,1,N,1,28.5,0.5,0.5,8.9,0,0.3,38.7,75,80
2,2018-10-27T00:19:01,2018-10-27T00:47:08,1,9.66,1,N,1,30,0.5,0.5,7.41,5.76,0.3,44.47,138,230
1,2018-10-05T11:44:46,2018-10-05T12:21:40,0,3.4,1,N,1,22.5,0,0.5,4.65,0,0.3,27.95,236,164
2,2018-10-05T12:36:43,2018-10-05T13:06:33,6,7.35,1,N,1,26.5,0,0.5,5.46,0,0.3,32.76,231,162
2,2018-10-05T12:00:02,2018-10-05T12:34:10,2,7.42,1,N,1,28,0,0.5,5.76,0,0.3,34.56,239,148
1,2018-10-05T12:06:29,2018-10-05T12:33:00,2,8,1,N,2,26,0,0.5,0,5.56,0.3,32.36,125,67
2,2018-10-05T12:22:27,2018-10-05T12:37:12,2,9.88,5,N,1,65,0,0.5,10,0,0.3,75.8,132,265
1,2018-10-05T13:48:51,2018-10-05T14:33:34,1,4.6,1,N,1,28.5,0,0.5,5.85,0,0.3,35.15,87,186
2,2018-10-05T13:01:39,2018-10-05T13:31:45,5,4.92,1,N,1,22,0,0.5,5.7,0,0.3,28.5,239,90
1,2018-10-05T13:15:47,2018-10-05T13:59:12,1,12.6,1,N,2,40.5,0,0.5,0,5.76,0.3,47.06,264,264
2,2018-10-05T14:21:25,2018-10-05T14:55:04,5,5.64,1,N,2,24.5,0,0.5,0,0,0.3,25.3,140,255
1,2018-10-05T14:34:59,2018-10-05T15:23:19,1,5.7,1,N,1,31,0,0.5,6.35,0,0.3,38.15,141,158
2,2018-10-05T15:03:44,2018-10-05T16:11:56,2,16.87,3,N,1,78,0,0,10,15.5,0.3,103.8,186,1
1,2018-10-05T17:34:29,2018-10-05T18:32:11,1,11,1,N,1,40.5,1,0.5,14.4,5.76,0.3,62.46,138,161
1,2018-10-05T17:13:08,2018-10-05T17:52:37,1,2.8,1,N,1,23.5,1,0.5,6.21,5.76,0.3,37.27,141,74
1,2018-10-05T17:26:35,2018-10-05T18:05:20,1,11.1,1,N,1,34.5,1,0.5,10.5,5.76,0.3,52.56,162,138
1,2018-10-05T17:05:50,2018-10-05T18:01:15,1,9.5,1,N,1,40,1,0.5,7.13,5.76,0.3,54.69,136,236
2,2018-10-05T19:06:24,2018-10-05T19:39:58,1,3.76,1,N,2,21.5,1,0.5,0,0,0.3,23.3,161,231
2,2018-07-27T18:18:18,2018-07-27T18:57:18,1,4.91,1,N,1,25,1,0.5,08.04,0,0.3,34.84,148,142
2,2018-07-27T20:40:14,2018-07-27T21:21:15,1,9.31,1,N,1,35,0.5,0.5,7.26,0,0.3,43.56,163,127
2,2018-07-27T21:18:06,2018-07-27T21:49:07,5,4.77,1,N,1,22,0.5,0.5,4.66,0,0.3,27.96,230,114
2,2018-07-27T21:44:47,2018-07-27T22:21:19,1,11.65,1,N,2,38,0.5,0.5,0,5.76,0.3,45.06,138,230
2,2018-07-27T22:51:13,2018-07-27T23:32:09,1,18.35,1,N,1,50.5,0.5,0.5,10.36,0,0.3,62.16,132,189
2,2018-07-27T23:19:16,2018-07-27T23:36:02,1,6.94,1,N,1,21.5,0.5,0.5,5.71,5.76,0.3,34.27,138,42
2,2018-07-28T00:05:28,2018-07-28T00:46:02,1,15.86,1,N,2,47,0.5,0.5,0,0,0.3,48.3,132,265
2,2018-07-28T00:32:44,2018-07-28T02:01:55,5,12,1,N,2,62.5,0.5,0.5,0,0,0.3,63.8,232,243
1,2018-07-28T00:10:48,2018-07-28T00:46:27,1,13.2,1,N,2,40.5,0.5,0.5,0,5.76,0.3,47.56,138,249
1,2018-07-28T01:38:54,2018-07-28T02:00:15,1,11.6,1,N,1,33,0.5,0.5,6.85,0,0.3,41.15,138,125
2,2018-07-28T01:27:14,2018-07-28T02:03:02,2,5.6,1,N,1,25,0.5,0.5,5,0,0.3,31.3,249,36
2,2018-07-28T02:30:05,2018-07-28T02:30:06,2,0,5,N,1,6.3,0,0.5,1.42,0,0.3,8.52,264,79
2,2018-07-28T02:10:00,2018-07-28T02:42:25,1,6.52,1,N,1,25.5,0.5,0.5,5.36,0,0.3,32.16,114,141
2,2018-07-28T04:29:00,2018-07-28T04:52:44,1,9.89,1,N,1,30,0.5,0.5,7.41,5.76,0.3,44.47,161,138
2,2018-07-28T05:57:54,2018-07-28T06:20:52,5,11.13,1,N,1,33,0,0.5,5,5.76,0.3,44.56,48,138
2,2018-07-28T07:16:30,2018-07-28T07:16:30,2,0,5,N,1,59,0,0,11.8,0,0,70.8,264,132
2,2018-07-28T08:23:15,2018-07-28T08:47:38,2,06.01,1,N,2,21.5,0,0.5,0,0,0.3,22.3,48,33
1,2018-07-28T09:55:02,2018-07-28T10:12:15,1,7.1,1,N,1,22,0,0.5,4.55,0,0.3,27.35,233,247
2,2018-07-28T10:15:57,2018-07-28T10:40:06,2,5.62,1,N,2,21.5,0,0.5,0,0,0.3,22.3,230,12
1,2018-06-02T11:49:17,2018-06-02T12:18:05,1,10.4,1,N,1,31,0,0.5,3,0,0.3,34.8,144,138
2,2018-06-02T12:40:09,2018-06-02T13:01:21,1,9.57,1,N,1,27.5,0,0.5,6.81,5.76,0.3,40.87,138,141
2,2018-06-02T15:52:08,2018-06-02T16:54:58,1,13.95,1,N,2,49,0,0.5,0,0,0.3,49.8,230,178
2,2018-06-02T16:01:25,2018-06-02T16:58:59,2,20.89,1,N,1,63.5,0,0.5,0,5.76,0.3,70.06,148,81
1,2018-06-02T17:29:26,2018-06-02T17:55:21,1,9.2,1,N,1,29,0,0.5,7.1,5.76,0.3,42.66,158,14
2,2018-06-02T17:04:58,2018-06-02T17:37:23,1,07.07,1,N,1,26,0,0.5,5.36,0,0.3,32.16,236,45
1,2018-06-02T17:43:16,2018-06-02T18:16:05,1,6.3,1,N,1,25,0,0.5,10,0,0.3,35.8,236,114
1,2018-06-02T17:07:53,2018-06-02T17:37:59,1,10.3,1,N,1,32,0,0.5,6.5,5.76,0.3,45.06,138,158
2,2018-06-02T17:43:18,2018-06-02T18:21:34,1,5.35,1,N,1,25.5,0,0.5,2,0,0.3,28.3,43,79
1,2018-06-02T18:12:16,2018-06-02T18:47:25,2,11,1,N,2,36,0,0.5,0,5.76,0.3,42.56,230,192
1,2018-04-24T12:45:23,2018-04-24T12:45:28,1,0,1,N,2,2.5,0,0.5,0,0,0.3,3.3,145,145
2,2018-04-24T15:40:25,2018-04-24T16:17:47,2,10.24,1,N,1,32,0,0.5,7.71,5.76,0.3,46.27,138,162
2,2018-04-24T15:30:15,2018-04-24T16:21:35,1,10.59,1,N,1,43,0,0.5,12.39,5.76,0.3,61.95,161,138
2,2018-04-24T16:52:49,2018-04-24T17:11:07,6,07.04,1,N,2,22,1,0.5,0,0,0.3,23.8,88,262
1,2018-04-24T16:18:45,2018-04-24T17:03:28,1,5,1,N,1,27.5,1,0.5,5.85,0,0.3,35.15,163,129
2,2018-04-24T16:01:16,2018-04-24T16:28:29,1,8.72,1,N,2,27.5,1,0.5,0,0,0.3,29.3,132,131
1,2018-04-24T16:07:54,2018-04-24T17:09:58,1,9.4,1,N,1,41.5,1,0.5,9.8,5.76,0.3,58.86,138,151
2,2018-04-24T16:40:23,2018-04-24T17:26:00,1,11.09,1,N,1,36.5,1,0.5,8.81,5.76,0.3,52.87,138,230
2,2018-04-24T17:22:51,2018-04-24T18:01:40,1,9.58,1,N,1,32.5,1,0.5,08.01,5.76,0.3,48.07,138,148
1,2018-04-24T17:49:14,2018-04-24T18:24:47,4,5.5,1,N,1,24.5,1,0.5,7.85,0,0.3,34.15,186,74
1,2018-04-24T17:06:59,2018-04-24T17:53:50,1,12.8,1,N,1,41.5,1,0.5,8.65,0,0.3,51.95,230,138
1,2018-04-24T18:11:09,2018-04-24T18:56:02,1,9.2,1,N,1,34,1,0.5,6,0,0.3,41.8,138,65
2,2018-04-24T18:50:28,2018-04-24T19:23:00,1,4.58,1,N,1,21.5,1,0.5,4.66,0,0.3,27.96,43,113
2,2018-05-13T15:51:39,2018-05-13T16:35:30,6,11.02,1,N,1,38,0,0.5,0,5.54,0.3,44.34,142,138
2,2018-05-13T16:27:12,2018-05-13T17:16:33,3,9.49,1,N,1,35.5,0,0.5,8.41,5.76,0.3,50.47,138,41
1,2018-05-13T16:43:05,2018-05-13T17:24:20,1,10,1,N,2,33.5,0,0.5,0,0,0.3,34.3,230,181
1,2018-05-13T17:45:27,2018-05-13T18:17:37,1,10.6,1,N,1,32.5,0,0.5,5,0,0.3,38.3,138,65
1,2018-05-13T17:03:41,2018-05-13T17:55:36,1,14.5,1,N,1,48,0,0.5,9.75,0,0.3,58.55,132,40
2,2018-05-13T17:04:05,2018-05-13T17:46:04,1,15.32,1,N,1,44,0,0.5,10.11,5.76,0.3,62.62,79,51
2,2018-05-13T18:04:38,2018-05-13T18:10:22,1,0.84,1,N,3,-5.5,0,-0.5,0,0,-0.3,-6.3,48,161
2,2018-05-13T19:45:02,2018-05-13T20:20:37,1,11.14,1,N,2,35.5,0,0.5,0,0,0.3,36.3,132,37
2,2018-05-13T19:08:43,2018-05-13T19:35:29,5,10.54,1,N,2,31.5,0,0.5,0,5.76,0.3,38.06,230,138
2,2018-05-13T19:12:40,2018-05-13T19:33:27,1,8.54,1,N,1,25,0,0.5,4.73,5.76,0.3,36.29,138,107
1,2018-05-13T20:14:42,2018-05-13T20:41:29,1,6.3,1,N,1,23,0.5,0.5,4.85,0,0.3,29.15,246,66
2,2018-05-13T21:19:29,2018-05-13T21:21:11,5,0.31,1,N,1,3,0.5,0.5,1.29,0,0.3,5.59,90,234
2,2018-05-13T21:44:26,2018-05-13T22:09:31,2,6.81,1,N,1,23.5,0.5,0.5,4.96,0,0.3,29.76,138,255
2,2018-05-13T22:18:59,2018-05-13T23:11:44,1,10.03,1,N,1,40,0.5,0.5,7.5,5.76,0.3,54.56,138,249
1,2018-05-13T22:54:48,2018-05-13T23:21:25,1,5.5,1,N,1,21.5,0.5,0.5,4.55,0,0.3,27.35,186,97
2,2018-05-13T23:08:00,2018-05-13T23:32:35,1,8.34,1,N,2,26,0.5,0.5,0,0,0.3,27.3,144,89
1,2018-05-14T01:24:08,2018-05-14T01:46:43,1,6.4,1,N,3,22.5,0.5,0.5,0,0,0.3,23.8,236,129
1,2018-05-14T03:19:49,2018-05-14T03:42:52,2,8.5,1,Y,1,25.5,0.5,0.5,2,0,0.3,28.8,148,202
2,2018-05-14T05:17:55,2018-05-14T05:40:03,1,11.83,1,N,1,34,0.5,0.5,10.26,5.76,0.3,51.32,164,138
1,2018-05-14T06:52:41,2018-05-14T07:21:13,1,6.6,1,N,1,25.5,0,0.5,6.57,0,0.3,32.87,48,87
2,2018-05-14T06:48:00,2018-05-14T07:31:02,1,12.25,1,N,1,40,0,0.5,0,0,0.3,40.8,218,252
2,2018-02-14T16:00:35,2018-02-14T16:30:41,1,8.68,1,N,1,27.5,1,0.5,07.01,5.76,0.3,42.07,138,107
1,2018-02-14T16:08:22,2018-02-14T16:40:10,1,6.6,1,N,1,27,1,0.5,3,0,0.3,31.8,229,256
1,2018-02-14T16:43:36,2018-02-14T17:18:52,1,10.5,1,N,1,34.5,1,0.5,8.41,5.76,0.3,50.47,138,142
1,2018-02-14T16:34:31,2018-02-14T17:14:07,2,10.7,1,N,1,35.5,1,0.5,6,5.76,0.3,49.06,237,226
2,2018-02-14T17:08:37,2018-02-14T17:39:09,5,5.14,1,N,2,22,1,0.5,0,0,0.3,23.8,234,151
1,2018-02-14T17:26:04,2018-02-14T17:26:04,1,0,1,N,2,24.5,1,0.5,0,5.76,0.3,32.06,138,264
1,2018-02-14T18:02:51,2018-02-14T18:36:23,1,9.8,1,N,1,31.5,1,0.5,07.03,5.76,0.3,46.09,138,142
1,2018-02-14T18:03:16,2018-02-14T18:47:38,1,8.3,1,N,2,32,1,0.5,0,0,0.3,33.8,209,14
2,2018-02-14T18:40:37,2018-02-14T19:17:42,1,15.76,1,N,1,43.5,1,0.5,8,5.76,0.3,59.06,138,261
2,2018-02-14T18:10:34,2018-02-14T18:54:36,5,9.23,1,N,1,35,1,0.5,9.2,0,0.3,46,138,225
2,2018-02-14T19:04:51,2018-02-14T19:48:14,1,4.66,1,N,1,27,1,0.5,7.2,0,0.3,36,263,148
2,2018-02-14T19:35:24,2018-02-14T20:06:19,1,7.45,1,N,1,27.5,1,0.5,10.52,5.76,0.3,45.58,234,129
2,2018-02-14T20:20:05,2018-02-14T20:51:31,6,14.28,3,N,1,60.5,0.5,0,21.54,10.5,0.3,93.34,13,1
1,2018-02-14T21:09:52,2018-02-14T21:35:34,2,12.3,1,N,1,35.5,0.5,0.5,9.2,0,0.3,46,138,49
2,2018-02-14T21:38:45,2018-02-14T21:41:07,1,0.36,1,N,4,-3.5,-0.5,-0.5,0,0,-0.3,-4.8,230,48
2,2018-02-14T21:50:22,2018-02-14T22:14:49,3,7.58,1,N,2,25,0.5,0.5,0,0,0.3,26.3,24,79
1,2018-02-14T21:07:17,2018-02-14T21:25:58,1,8.3,1,N,1,24.5,0.5,0.5,7.7,0,0.3,33.5,107,42
2,2018-02-14T22:44:02,2018-02-14T23:18:50,1,12.35,1,N,1,37.5,0.5,0.5,7.76,0,0.3,46.56,132,97
2,2018-02-14T22:46:40,2018-02-14T23:07:43,5,14.35,1,N,1,39,0.5,0.5,10.08,0,0.3,50.38,264,264
2,2018-02-14T23:03:49,2018-02-14T23:26:22,1,8.5,1,N,1,26,0.5,0.5,5.5,5.76,0.3,38.56,186,186
2,2018-02-14T23:14:45,2018-02-14T23:32:17,1,8.74,1,N,2,25,0.5,0.5,0,5.76,0.3,32.06,138,100
2,2018-02-14T23:26:52,2018-02-14T23:55:23,2,5.97,1,N,1,23.5,0.5,0.5,4.96,0,0.3,29.76,142,223
2,2018-02-14T23:03:32,2018-02-14T23:38:54,3,06.08,1,N,1,26,0.5,0.5,6.82,0,0.3,34.12,161,255
2,2018-03-05T18:12:54,2018-03-05T18:45:32,1,9.9,1,N,1,32.5,1,0.5,12,0,0.3,46.3,229,195
1,2018-03-05T18:05:13,2018-03-05T18:06:19,1,0.3,1,N,1,3,1,0.5,0.95,0,0.3,5.75,238,239
1,2018-03-05T19:56:52,2018-03-05T20:23:37,2,6.2,1,N,1,22.5,0.5,0.5,4.75,0,0.3,28.55,68,181
2,2018-03-05T20:24:43,2018-03-05T20:50:39,1,15.33,1,N,1,42,0.5,0.5,8.66,0,0.3,51.96,138,257
2,2018-03-05T22:21:49,2018-03-05T22:45:54,1,11.8,1,N,1,33.5,0.5,0.5,8.11,5.76,0.3,48.67,138,79
2,2018-03-05T22:15:23,2018-03-05T22:38:35,1,10.29,1,N,1,30.5,0.5,0.5,7.51,5.76,0.3,45.07,138,238
2,2018-03-05T22:20:42,2018-03-05T22:45:43,2,6.72,1,N,1,23.5,0.5,0.5,0,0,0.3,24.8,234,181
2,2018-03-06T00:52:20,2018-03-06T01:09:46,1,8.41,1,N,2,24.5,0.5,0.5,0,0,0.3,25.8,132,98
1,2018-03-06T00:14:50,2018-03-06T00:31:34,1,7.9,1,N,1,24,0.5,0.5,3,5.76,0.3,34.06,138,263
1,2018-03-06T04:07:08,2018-03-06T04:28:37,1,6.2,1,N,2,22,0.5,0.5,0,0,0.3,23.3,79,188
2,2018-03-06T07:34:25,2018-03-06T07:56:03,1,9.17,1,N,1,26.5,0,0.5,8.26,5.76,0.3,41.32,170,138
2,2018-03-06T08:16:30,2018-03-06T08:59:06,1,4.91,1,N,1,21.5,0,0.5,2,0,0.3,24.3,158,140
1,2018-03-06T08:48:27,2018-03-06T09:24:37,2,3.9,1,N,1,22.5,0,0.5,4.65,0,0.3,27.95,264,264
2,2018-03-15T14:47:39,2018-03-15T15:16:14,1,5.11,1,N,1,21.5,0,0.5,2.23,0,0.3,24.53,234,263
1,2018-03-15T15:34:27,2018-03-15T16:08:54,2,4.4,1,N,2,23,0,0.5,0,0,0.3,23.8,246,209
1,2018-03-15T15:33:31,2018-03-15T16:05:21,1,9,1,N,1,30.5,0,0.5,5.94,5.76,0.3,43,138,186
1,2018-03-15T16:30:49,2018-03-15T17:25:06,1,12.7,1,N,1,43.5,1,0.5,8,5.76,0.3,59.06,138,68
1,2018-03-15T16:54:26,2018-03-15T17:50:47,1,10,1,N,1,40.5,1,0.5,12,5.75,0.3,60.05,186,138
1,2018-03-15T16:16:23,2018-03-15T16:41:55,2,7.5,1,N,1,25,1,0.5,6.7,0,0.3,33.5,138,262
2,2018-03-15T17:04:22,2018-03-15T17:50:35,1,8.74,1,N,1,34.5,1,0.5,4,0,0.3,40.3,263,255
2,2018-03-15T17:12:58,2018-03-16T17:11:48,1,12.4,1,N,1,47,1,0.5,0,0,0.3,48.8,261,138
2,2018-03-15T17:43:56,2018-03-15T17:44:25,1,0,5,N,1,22.8,0,0,4.62,0,0.3,27.72,13,13
1,2018-03-15T19:50:07,2018-03-15T20:25:10,1,11.3,1,N,1,34,0.5,0.5,8.2,5.76,0.3,49.26,186,121
2,2018-03-15T19:54:20,2018-03-15T20:22:13,1,10.96,1,N,1,33,1,0.5,8.88,5.76,0.3,49.44,138,161
2,2018-03-15T19:18:02,2018-03-15T19:45:06,2,9.51,1,N,1,29.5,1,0.5,5,0,0.3,36.3,87,179
2,2018-03-15T20:13:22,2018-03-15T20:40:14,1,10.08,1,N,1,31,0.5,0.5,7.61,5.76,0.3,45.67,138,142
1,2018-03-15T20:32:39,2018-03-15T21:46:35,0,12.7,1,N,1,54.5,0.5,0.5,12.3,5.76,0.3,73.86,107,165
2,2018-03-15T21:15:52,2018-03-15T21:58:21,1,8.9,1,N,1,34,0.5,0.5,8.82,0,0.3,44.12,255,238
1,2018-10-16T10:26:25,2018-10-16T11:06:30,2,4.8,1,N,1,27,0,0.5,5.55,0,0.3,33.35,13,230
2,2018-10-16T10:11:39,2018-10-16T10:47:29,1,3.13,1,N,1,22,0,0.5,6.84,0,0.3,29.64,142,142
2,2018-10-16T10:55:06,2018-10-16T11:35:41,1,18.37,5,N,1,112,0,0.5,5,16.05,0.3,133.85,170,265
2,2018-10-16T12:21:16,2018-10-16T13:05:30,1,3.71,1,N,1,26,0,0.5,6.7,0,0.3,33.5,163,125
1,2018-10-16T12:23:09,2018-10-16T13:03:01,1,11,1,N,1,38,0,0.5,8.9,5.76,0.3,53.46,138,161
1,2018-10-16T12:23:11,2018-10-16T12:58:02,2,3.5,1,N,1,21.5,0,0.5,2.2,0,0.3,24.5,237,211
2,2018-10-16T16:40:25,2018-10-16T17:19:52,1,10.05,1,N,1,34,1,0.5,8.31,5.76,0.3,49.87,138,239
1,2018-10-16T16:54:43,2018-10-16T17:39:27,2,10.6,1,N,2,36.5,1,0.5,0,5.76,0.3,44.06,138,249
2,2018-10-16T16:07:42,2018-10-16T16:50:06,1,7.3,1,N,2,29,1,0.5,0,0,0.3,30.8,226,33
1,2018-10-16T17:25:38,2018-10-16T18:00:44,1,7.9,1,N,2,29,1,0.5,0,0,0.3,30.8,141,217
2,2018-10-16T17:15:37,2018-10-16T18:00:55,1,11.17,1,N,1,38.5,1,0.5,9.21,5.76,0.3,55.27,138,230
2,2018-10-16T17:32:22,2018-10-16T18:06:37,5,3.62,1,N,2,21.5,1,0.5,0,0,0.3,23.3,224,163
2,2018-10-16T17:08:01,2018-10-16T17:54:36,1,9.97,1,N,1,36.5,1,0.5,7.66,0,0.3,45.96,138,79
2,2018-10-16T18:57:42,2018-10-16T19:29:54,1,6.5,1,N,1,25,1,0.5,6.7,0,0.3,33.5,238,4
2,2018-10-16T19:01:46,2018-10-16T19:35:58,2,12.1,1,N,1,35.5,1,0.5,0,0,0.3,37.3,25,168
1,2018-10-16T19:11:27,2018-10-16T19:47:56,1,5.6,1,N,2,25.5,1,0.5,0,0,0.3,27.3,107,188
1,2018-12-19T18:07:06,2018-12-19T18:45:43,1,3.9,1,N,1,24,1,0.5,6.45,0,0.3,32.25,113,236
2,2018-12-19T18:04:09,2018-12-19T18:37:14,6,6.78,1,N,1,27.5,1,0.5,8.79,0,0.3,38.09,236,114
2,2018-12-19T19:06:47,2018-12-19T19:25:13,1,6.88,1,N,1,22,1,0.5,4.76,0,0.3,28.56,231,229
2,2018-12-19T19:08:36,2018-12-19T19:42:00,1,12.48,1,N,1,36.5,1,0.5,8.81,5.76,0.3,52.87,170,14
1,2018-12-19T19:49:35,2018-12-19T20:09:38,1,10.4,1,N,1,29.5,1,0.5,5,5.76,0.3,42.06,264,264
2,2018-12-19T20:34:01,2018-12-19T20:55:35,1,7.69,1,N,1,24.5,0.5,0.5,7.89,5.76,0.3,39.45,138,24
1,2018-12-19T21:01:20,2018-12-19T22:16:17,1,59.2,4,N,1,252,0.5,0.5,10,0,0.3,263.3,100,265
2,2018-12-19T22:32:53,2018-12-19T22:47:42,6,07.02,1,N,1,21.5,0.5,0.5,3,5.76,0.3,31.56,138,263
2,2018-12-19T22:57:31,2018-12-19T23:33:45,1,15.09,1,N,4,-42.5,-0.5,-0.5,0,0,-0.3,-43.8,132,146
2,2018-12-19T23:37:06,2018-12-20T00:12:58,3,6.66,1,N,2,27,0.5,0.5,0,0,0.3,28.3,79,49
1,2018-12-19T23:26:21,2018-12-20T00:09:00,1,16.1,1,N,1,49,0.5,0.5,8,0,0.3,58.3,162,15
2,2018-12-20T00:25:07,2018-12-20T00:55:15,1,8.15,1,N,2,27,0.5,0.5,0,0,0.3,28.3,68,223
2,2018-12-20T00:00:48,2018-12-20T00:23:45,1,8.86,1,N,1,27,0.5,0.5,0,0,0.3,28.3,33,226
2,2018-12-20T00:08:03,2018-12-20T00:08:38,1,0,1,N,1,0,0,0,0,0,0,0,193,193
2,2018-12-20T04:22:54,2018-12-20T04:37:40,1,7.31,1,N,2,22,0.5,0.5,0,0,0.3,23.3,144,228
2,2018-12-20T05:12:22,2018-12-20T05:29:08,5,8.74,1,N,2,25.5,0.5,0.5,0,0,0.3,26.8,132,131
1,2018-12-20T06:19:25,2018-12-20T06:33:15,1,7.5,1,N,2,22.5,0,0.5,0,0,0.3,23.3,141,231
2,2018-05-03T22:56:37,2018-05-03T23:16:30,1,07.06,1,N,1,23,0.5,0.5,4.86,0,0.3,29.16,66,260
2,2018-05-03T22:19:27,2018-05-03T22:56:55,1,04.07,1,N,1,23,0.5,0.5,06.08,0,0.3,30.38,249,229
1,2018-05-03T23:40:50,2018-05-04T00:16:32,1,6.7,1,N,1,27.5,0.5,0.5,5.75,0,0.3,34.55,148,7
2,2018-05-03T23:00:58,2018-05-03T23:45:46,2,13.46,1,N,1,40.5,0.5,0.5,8.36,0,0.3,50.16,164,14
2,2018-05-03T23:31:43,2018-05-03T23:54:28,5,6.21,1,N,1,22.5,0.5,0.5,4.76,0,0.3,28.56,142,244
2,2018-05-04T00:39:38,2018-05-04T01:11:03,6,8.53,1,N,1,29.5,0.5,0.5,7.7,0,0.3,38.5,25,238
2,2018-05-04T00:29:34,2018-05-04T00:48:49,2,7.23,1,N,2,23,0.5,0.5,0,0,0.3,24.3,138,229
2,2018-05-04T00:04:27,2018-05-04T00:38:44,1,11.14,1,N,1,34,0.5,0.5,8.21,5.76,0.3,49.27,162,257
2,2018-05-04T00:05:05,2018-05-04T00:33:19,1,6.99,1,N,1,25,0.5,0.5,0,0,0.3,26.3,216,71
2,2018-05-04T00:36:16,2018-05-04T01:16:41,1,13.18,1,N,2,41,0.5,0.5,0,0,0.3,42.3,141,14
2,2018-05-04T01:49:34,2018-05-04T02:11:43,5,7.98,1,N,2,25.5,0.5,0.5,0,0,0.3,26.8,163,196
2,2018-05-04T04:12:25,2018-05-04T04:37:19,1,6.7,1,N,2,23,0.5,0.5,0,0,0.3,24.3,249,42
2,2018-05-04T05:02:23,2018-05-04T05:22:25,1,8.35,1,N,1,26.5,0.5,0.5,6,5.76,0.3,39.56,141,138
2,2018-05-04T07:36:59,2018-05-04T08:03:16,1,6.29,1,N,1,22,0,0.5,4.56,0,0.3,29.31,238,13
2,2018-05-04T07:24:01,2018-05-04T08:09:26,2,8.84,1,N,1,34,0,0.5,0,5.76,0.3,40.56,179,244
1,2018-05-04T07:11:14,2018-05-04T07:31:33,1,8.5,1,N,2,27,0,0.5,0,0,0.3,27.8,90,244
2,2018-05-04T07:11:52,2018-05-04T07:48:27,1,10.44,1,N,1,35.5,0,0.5,7.26,0,0.3,43.56,142,138
1,2018-05-04T08:53:31,2018-05-04T09:42:37,1,4.8,1,N,1,30.5,0,0.5,6.25,0,0.3,37.55,234,74
1,2018-05-04T08:39:10,2018-05-04T09:40:36,1,22.5,1,N,2,65.5,0,0.5,0,0,0.3,66.3,132,54
2,2018-05-04T08:27:54,2018-05-04T09:12:19,2,8.83,1,N,1,34.5,0,0.5,2,0,0.3,37.3,48,17
2,2018-05-04T09:38:44,2018-05-04T10:30:34,1,15.31,1,N,1,47,0,0.5,11.95,0,0.3,59.75,138,181
1,2018-05-04T10:07:21,2018-05-04T10:49:57,1,7.7,1,N,1,32,0,0.5,0,0,0.3,32.8,186,42
1,2018-05-04T10:59:49,2018-05-04T11:51:37,1,5.9,1,N,1,32,0,0.5,6.55,0,0.3,39.35,173,43
2,2018-05-04T11:16:21,2018-05-04T12:08:44,1,12.95,1,N,2,42,0,0.5,0,0,0.3,42.8,138,88
2,2018-12-09T10:25:33,2018-12-09T10:42:39,2,8.97,1,N,1,26.5,0,0.5,5.46,0,0.3,32.76,75,13
2,2018-12-09T11:09:52,2018-12-09T11:32:53,1,10.34,1,N,1,31,0,0.5,0,5.76,0.3,37.56,138,161
1,2018-12-09T11:48:42,2018-12-09T12:09:11,3,7.1,1,N,1,22.5,0,0.5,4.65,0,0.3,27.95,237,13
2,2018-12-09T12:32:05,2018-12-09T12:57:47,2,06.02,1,N,1,22,0,0.5,4.56,0,0.3,29.31,41,68
1,2018-12-09T12:15:17,2018-12-09T12:38:21,1,7.4,1,N,1,24.5,0,0.5,05.05,0,0.3,30.35,148,151
2,2018-12-09T13:11:18,2018-12-09T13:58:40,1,11.92,1,N,2,40.5,0,0.5,0,5.76,0.3,47.06,138,163
2,2018-12-09T14:06:40,2018-12-09T14:44:05,2,6.44,1,N,2,24.5,0,0.5,0,0,0.3,25.3,87,170
2,2018-12-09T15:08:50,2018-12-09T15:41:08,1,3.77,1,N,1,21.5,0,0.5,4.46,0,0.3,26.76,164,238
2,2018-12-09T15:51:05,2018-12-09T15:51:09,4,0,5,N,1,65,0,0.5,13.16,0,0.3,78.96,264,230
2,2018-12-09T16:00:25,2018-12-09T16:25:14,5,6.98,1,N,1,23,0,0.5,3.57,0,0.3,27.37,12,141
2,2018-12-09T15:49:20,2018-12-09T15:49:23,2,0,5,N,1,100,0,0,25.08,0,0.3,125.38,265,265
2,2018-12-09T15:12:37,2018-12-09T16:23:57,1,21.63,1,N,2,72.5,0,0.5,0,0,0.3,73.3,132,95
2,2018-12-09T17:30:38,2018-12-09T18:01:41,1,11.3,1,N,2,33.5,0,0.5,0,5.76,0.3,40.06,162,138
2,2018-12-09T18:35:49,2018-12-09T19:17:01,1,11.85,1,N,2,40,0,0.5,0,5.76,0.3,46.56,230,138
2,2018-12-09T19:10:55,2018-12-09T19:44:26,3,14.55,1,N,1,41.5,0,0.5,8,0,0.3,50.3,132,179
2,2018-12-09T19:58:49,2018-12-09T20:38:07,1,18.81,1,N,2,53.5,0,0.5,0,5.76,0.3,60.06,138,249
2,2018-12-09T20:53:10,2018-12-09T21:23:04,5,4.27,1,N,1,21.5,0.5,0.5,4.56,0,0.3,27.36,161,7
1,2018-07-16T16:11:18,2018-07-16T16:50:26,2,11.8,1,N,1,38,1,0.5,9.1,5.76,0.3,54.66,163,138
2,2018-07-16T16:32:58,2018-07-16T16:52:52,2,6.41,1,N,2,21.5,1,0.5,0,0,0.3,23.3,261,237
2,2018-07-16T16:28:56,2018-07-16T17:03:40,1,6.83,1,N,2,27.5,1,0.5,0,0,0.3,29.3,262,244
1,2018-07-16T17:02:40,2018-07-16T18:00:21,1,17.2,1,N,2,50.5,1,0.5,0,0,0.3,52.3,236,14
2,2018-07-16T17:06:44,2018-07-16T17:36:37,5,10.1,1,N,1,31,1,0.5,7.71,5.76,0.3,46.27,100,138
2,2018-07-16T18:04:37,2018-07-16T19:03:40,1,12.63,1,N,1,47,1,0.5,12.2,0,0.3,61,132,181
2,2018-07-16T19:10:49,2018-07-16T19:36:11,5,12.28,1,N,1,35.5,1,0.5,10.76,5.76,0.3,53.82,138,209
2,2018-07-16T20:00:43,2018-07-16T20:24:48,5,15.64,1,N,1,42.5,1,0.5,10.01,5.76,0.3,60.07,138,87
2,2018-07-16T20:44:10,2018-07-16T21:10:54,1,5.37,1,N,1,21.5,0.5,0.5,2,0,0.3,24.8,166,170
1,2018-07-16T20:29:40,2018-07-16T20:58:24,1,10.3,1,N,1,31,0.5,0.5,08.05,0,0.3,40.35,132,36
2,2018-07-16T20:58:49,2018-07-16T21:26:03,1,5.6,1,N,1,21.5,0.5,0.5,5.38,0,0.3,28.18,170,97
1,2018-07-16T20:18:55,2018-07-16T20:51:04,0,11.3,1,N,1,34.5,0.5,0.5,4.2,0,0.3,40,100,228
2,2018-07-16T22:35:49,2018-07-16T22:58:53,2,12.6,1,N,1,35.5,0.5,0.5,5.52,0,0.3,42.32,138,106
2,2018-07-16T23:15:11,2018-07-16T23:33:04,1,8.45,1,N,2,25,0.5,0.5,0,0,0.3,26.3,100,244
1,2018-07-17T04:16:36,2018-07-17T04:38:41,1,10.4,1,N,3,30.5,0.5,0.5,0,0,0.3,31.8,132,188
2,2018-07-17T06:52:28,2018-07-17T07:11:03,2,8.8,1,N,1,26,0,0.5,8.14,5.76,0.3,40.7,263,138
1,2018-03-16T12:50:43,2018-03-16T13:43:47,3,5.8,1,N,1,34,0,0.5,8.7,0,0.3,43.5,161,88
1,2018-03-16T13:16:10,2018-03-16T13:35:37,1,8.5,1,N,2,25,0,0.5,0,5.76,0.3,31.56,236,138
1,2018-03-16T13:17:38,2018-03-16T13:19:25,1,0.1,1,N,3,3,0,0.5,0,0,0.3,3.8,88,88
1,2018-03-16T13:03:25,2018-03-16T13:40:16,2,4.5,1,N,1,23,0,0.5,5.95,0,0.3,29.75,234,40
2,2018-03-16T14:27:28,2018-03-16T14:59:30,1,6.68,1,N,2,25.5,0,0.5,0,5.76,0.3,32.06,151,223
1,2018-03-16T14:12:45,2018-03-16T14:46:13,1,7.2,1,N,1,27,0,0.5,10,0,0.3,37.8,138,256
1,2018-03-16T14:04:50,2018-03-16T14:28:37,1,8.7,1,N,1,26,0,0.5,6.51,5.76,0.3,39.07,140,138
2,2018-03-16T15:19:13,2018-03-16T16:32:53,1,22.51,1,N,2,66.5,0,0.5,0,5.76,0.3,73.06,132,259
1,2018-03-16T15:16:38,2018-03-16T15:50:58,1,8,1,N,1,28.5,0,0.5,4,5.76,0.3,39.06,263,138
2,2018-03-16T15:27:10,2018-03-16T16:12:34,3,8.94,1,N,1,33,0,0.5,6.76,0,0.3,40.56,138,49
2,2018-03-16T15:12:10,2018-03-16T16:33:45,6,22.35,3,N,1,91.5,0,0,21.86,17.5,0.3,131.16,233,1
1,2018-03-16T16:15:59,2018-03-16T17:28:39,1,15.8,1,N,1,53.5,1,0.5,12.2,5.76,0.3,73.26,261,138
2,2018-03-16T17:30:44,2018-03-16T18:12:25,1,3.19,1,N,1,25,1,0.5,3,0,0.3,29.8,186,232
2,2018-03-16T17:05:06,2018-03-16T18:24:33,1,13.68,1,N,1,53,1,0.5,8,5.76,0.3,68.56,261,138
2,2018-03-16T18:13:11,2018-03-16T18:47:19,1,8.65,1,N,1,29,1,0.5,6.16,0,0.3,36.96,138,16
2,2018-03-16T18:36:40,2018-03-16T19:28:32,1,10.93,1,N,2,38,1,0.5,0,5.76,0.3,45.56,138,142
2,2018-03-16T19:27:05,2018-03-16T20:19:35,1,7.58,1,N,1,34.5,1,0.5,1.7,0,0.3,38,186,244
2,2018-03-16T19:02:26,2018-03-16T19:56:13,1,11.94,1,N,1,42,1,0.5,0,0,0.3,43.8,92,232
2,2018-03-16T19:47:16,2018-03-16T20:27:59,1,4,1,N,1,25.5,1,0.5,3,0,0.3,30.3,238,249
2,2018-03-16T20:47:09,2018-03-16T21:10:59,2,10.87,1,N,1,31.5,0.5,0.5,7.71,5.76,0.3,46.27,138,162
2,2018-03-25T17:06:05,2018-03-25T17:33:51,2,9.59,1,N,1,30.5,0,0.5,3.71,5.76,0.3,40.77,151,138
1,2018-03-25T17:31:58,2018-03-25T18:08:37,1,3.6,1,N,2,24.5,0,0.5,0,0,0.3,25.3,163,7
1,2018-03-25T17:42:02,2018-03-25T18:19:57,1,4.1,1,N,1,24.5,0,0.5,05.05,0,0.3,30.35,249,237
1,2018-03-25T17:24:14,2018-03-25T18:13:10,1,4.3,1,N,1,30,0,0.5,6.15,0,0.3,36.95,234,262
2,2018-03-25T18:23:07,2018-03-25T18:47:52,1,10.66,1,N,1,31,0,0.5,5,5.76,0.3,42.56,138,127
1,2018-03-25T18:17:39,2018-03-25T18:44:52,1,8.8,1,N,1,26.5,0,0.5,6.6,5.76,0.3,39.66,138,238
2,2018-03-25T20:06:57,2018-03-25T20:24:43,5,7.66,1,N,1,23.5,0.5,0.5,2.5,0,0.3,27.3,43,243
1,2018-03-25T21:01:28,2018-03-25T21:19:15,4,8.7,1,N,1,26,0.5,0.5,4.96,5.76,0.3,38.02,138,236
2,2018-03-25T22:05:52,2018-03-25T22:47:06,2,10.96,1,N,1,39,0.5,0.5,9.21,5.76,0.3,55.27,186,192
1,2018-03-25T22:11:07,2018-03-25T22:41:10,1,13.4,1,N,2,40.5,0.5,0.5,0,5.76,0.3,47.56,186,131
1,2018-03-25T23:57:00,2018-03-26T00:19:58,2,9.3,1,N,1,28.5,0.5,0.5,7.1,5.76,0.3,42.66,138,68
2,2018-03-26T00:41:43,2018-03-26T00:59:38,2,7.33,1,N,2,23,0.5,0.5,0,0,0.3,24.3,230,147
1,2018-03-26T00:31:00,2018-03-26T00:50:42,1,11.7,1,N,1,32.5,0.5,0.5,8.45,0,0.3,42.25,132,72
2,2018-03-26T00:13:21,2018-03-26T00:38:03,2,06.03,1,N,1,21.5,0.5,0.5,3,0,0.3,25.8,107,223
1,2018-03-26T01:35:58,2018-03-26T02:01:32,1,18,1,N,1,48.5,0.5,0.5,9.95,0,0.3,59.75,132,97
1,2018-03-26T02:07:34,2018-03-26T02:31:43,1,9.5,1,N,1,30,0.5,0.5,6.25,0,0.3,37.55,230,181
2,2018-03-26T03:50:15,2018-03-26T04:11:12,1,11.38,1,N,1,32.5,0.5,0.5,0,0,0.3,33.8,231,138
2,2018-03-26T07:25:05,2018-03-26T07:25:50,1,0,5,N,1,60,0,0.5,12,0,0.3,72.8,265,265
2,2018-03-26T07:58:37,2018-03-26T08:29:36,1,5.55,1,N,2,23,0,0.5,0,0,0.3,23.8,230,13
2,2018-03-26T09:13:12,2018-03-26T10:09:10,1,9.44,1,N,1,38,0,0.5,7.76,0,0.3,46.56,138,161
2,2018-03-26T09:05:00,2018-03-26T09:48:37,1,12.42,1,N,1,42,0,0.5,12.14,5.76,0.3,60.7,138,186
2,2018-03-26T20:14:42,2018-03-26T20:45:22,2,16.09,1,N,2,44,0.5,0.5,0,0,0.3,45.3,132,112
2,2018-03-26T21:13:31,2018-03-26T21:40:08,1,14.45,1,N,1,39.5,0.5,0.5,24.2,0,0.3,65,132,226
1,2018-03-26T21:11:01,2018-03-26T21:36:48,2,10.4,1,N,1,30.5,0.5,0.5,9.5,0,0.3,41.3,132,36
2,2018-03-26T21:00:39,2018-03-26T21:26:53,3,6.5,1,N,1,23.5,0.5,0.5,3.72,0,0.3,28.52,100,181
2,2018-03-26T22:57:28,2018-03-26T23:21:35,1,13.49,5,N,1,70,0,0,17.31,16.26,0.3,103.87,138,265
1,2018-03-26T23:55:48,2018-03-27T00:31:39,1,13.4,1,Y,1,41.5,0.5,0.5,5.5,0,0.3,48.3,229,131
2,2018-03-26T23:53:31,2018-03-27T00:29:44,1,06.09,1,N,1,25,0.5,0.5,5.26,0,0.3,31.56,164,223
1,2018-03-27T00:39:17,2018-03-27T01:00:16,4,7.4,1,Y,2,24.5,0.5,0.5,0,0,0.3,25.8,186,42
2,2018-03-27T00:50:35,2018-03-27T01:12:44,1,10.76,1,N,1,31,0.5,0.5,6.46,0,0.3,38.76,68,127
1,2018-03-27T01:10:14,2018-03-27T01:34:01,1,7.7,1,Y,2,24,0.5,0.5,0,0,0.3,25.3,261,255
2,2018-03-27T04:06:37,2018-03-27T04:28:01,1,10.1,1,N,1,29.5,0.5,0.5,7.31,5.76,0.3,43.87,138,230
2,2018-03-27T06:25:38,2018-03-27T06:26:25,2,0.39,1,N,1,3,0,0.5,0.76,0,0.3,4.56,249,249
1,2018-03-27T07:31:14,2018-03-27T08:10:29,1,12.2,1,N,1,38,0,0.5,8.9,5.76,0.3,53.46,138,234
2,2018-03-27T07:36:54,2018-03-27T08:29:00,1,12.17,1,N,1,44.5,0,0.5,10.21,5.76,0.3,61.27,138,163
1,2018-03-27T08:35:55,2018-03-27T09:03:58,1,9.8,1,N,1,31,0,0.5,9.35,5.76,0.3,46.91,238,138
2,2018-03-27T08:25:36,2018-03-27T08:56:29,2,7.43,1,N,1,26.5,0,0.5,5.46,0,0.3,32.76,263,125
2,2018-03-27T08:26:58,2018-03-27T08:57:47,6,8.52,1,N,1,29.5,0,0.5,3,0,0.3,33.3,236,13
2,2018-03-27T08:26:55,2018-03-27T09:15:51,1,0.58,1,N,1,26.5,0,0.5,0,0,0.3,27.3,230,237
2,2018-03-27T11:00:56,2018-03-27T11:42:59,2,11.97,1,N,1,42.5,0,0.5,12.26,5.76,0.3,61.32,138,130
1,2018-03-27T10:51:41,2018-03-27T11:33:28,1,3.7,1,N,1,25.5,0,0.5,1,0,0.3,27.3,262,48
2,2018-03-27T10:17:00,2018-03-27T11:10:56,1,8.95,1,N,1,38.5,0,0.5,09.01,5.76,0.3,54.07,138,161
1,2018-03-27T10:23:30,2018-03-27T11:11:28,2,3.1,1,N,2,27.5,0,0.5,0,0,0.3,28.3,68,140
2,2018-03-27T10:41:11,2018-03-27T11:29:58,2,18.57,1,N,1,54,0,0.5,0,0,0.3,54.8,144,76
2,2018-03-27T10:48:41,2018-03-27T11:37:40,1,5,1,N,1,31,0,0.5,2,0,0.3,33.8,231,162
1,2018-03-27T11:53:08,2018-03-27T12:48:05,1,3.3,1,N,1,32,0,0.5,8.2,0,0.3,41,75,230
2,2018-03-27T11:32:32,2018-03-27T12:11:52,1,3.31,1,N,2,23,0,0.5,0,0,0.3,23.8,166,163
2,2018-03-27T11:58:20,2018-03-27T12:36:35,1,1.17,1,N,1,22,0,0.5,5.7,0,0.3,28.5,68,230
2,2018-03-27T11:33:24,2018-03-27T12:11:29,1,2.45,1,N,1,22.5,0,0.5,2.5,0,0.3,25.8,75,162
1,2018-03-27T12:33:21,2018-03-27T12:54:46,1,6.7,1,N,1,22.5,0,0.5,6.95,0,0.3,30.25,140,160
2,2018-03-27T12:29:17,2018-03-27T13:19:09,1,11.67,1,N,1,41,0,0.5,11.89,5.76,0.3,59.45,170,138
2,2018-04-05T02:51:28,2018-04-05T02:51:50,1,0,5,N,1,60,0,0,0,0,0.3,60.3,264,248
2,2018-04-05T08:54:20,2018-04-05T09:23:23,1,8.34,1,N,1,27.5,0,0.5,4.8,0,0.3,33.1,143,66
1,2018-04-05T08:03:38,2018-04-05T08:35:10,1,6.1,1,N,1,25,0,0.5,1,0,0.3,26.8,237,69
2,2018-04-05T08:53:09,2018-04-05T09:28:29,2,3.67,1,N,1,22,0,0.5,4.56,0,0.3,27.36,43,113
2,2018-04-05T08:37:52,2018-04-05T08:38:37,1,0.26,1,N,2,3,0,0.5,0,0,0.3,3.8,113,113
2,2018-04-05T09:47:08,2018-04-05T10:20:21,1,4.47,1,N,1,23.5,0,0.5,4.86,0,0.3,29.16,100,13
1,2018-04-05T10:08:36,2018-04-05T10:41:14,2,4.6,1,N,1,22.5,0,0.5,4.65,0,0.3,27.95,13,230
2,2018-04-05T10:24:14,2018-04-05T10:24:17,4,0.01,5,N,1,62.5,0,0.5,12.66,0,0.3,75.96,265,265
1,2018-04-05T10:16:39,2018-04-05T10:17:47,2,0.2,1,N,1,3,0,0.5,1.1,0,0.3,4.9,236,236
2,2018-04-05T11:39:37,2018-04-05T11:40:25,1,0,1,N,2,2.5,0,0.5,0,0,0.3,3.3,161,161
1,2018-04-05T12:26:29,2018-04-05T13:00:20,3,6.5,1,N,1,26.5,0,0.5,6.6,5.76,0.3,39.66,116,7
1,2018-04-05T12:38:45,2018-04-05T12:57:21,1,7.5,1,N,1,23,0,0.5,0,5.76,0.3,29.56,138,75
2,2018-04-05T12:14:29,2018-04-05T12:48:15,1,9.77,1,N,1,31.5,0,0.5,8,5.76,0.3,46.06,138,239
1,2018-04-05T13:26:42,2018-04-05T14:02:36,1,14.4,1,N,1,42.5,0,0.5,12.27,5.76,0.3,61.33,138,231
1,2018-04-05T13:16:17,2018-04-05T13:16:35,1,0,5,N,3,0.01,0,0,0,0,0.3,0.31,265,265
2,2018-04-05T15:10:15,2018-04-05T15:37:43,1,8.58,1,N,1,28,0,0.5,5.76,0,0.3,34.56,140,231
1,2018-01-15T15:49:11,2018-01-15T16:45:12,2,12,1,N,2,42.5,0,0.5,0,0,0.3,43.3,161,227
1,2018-01-15T16:10:04,2018-01-15T17:00:37,1,13.1,1,N,1,45,0,0.5,5,0,0.3,50.8,264,181
2,2018-01-15T16:37:59,2018-01-15T17:04:29,1,7,1,N,1,23,0,0.5,4,5.76,0.3,33.56,233,255
1,2018-01-15T16:00:58,2018-01-15T16:33:41,1,10.4,1,N,1,33,0,0.5,05.07,0,0.3,38.87,138,87
2,2018-01-15T19:05:44,2018-01-15T19:32:44,5,10.99,1,N,1,32.5,0,0.5,8.32,0,0.3,41.62,138,33
2,2018-01-15T19:47:09,2018-01-15T20:14:52,1,10.71,1,N,1,31.5,0,0.5,6.46,0,0.3,38.76,132,37
1,2018-01-15T19:03:31,2018-01-15T19:25:54,1,9.4,1,N,2,28,0,0.5,0,0,0.3,28.8,50,247
1,2018-01-15T19:49:58,2018-01-15T20:10:20,1,6.4,1,N,1,22.5,0,0.5,3,0,0.3,26.3,138,95
2,2018-01-15T21:26:42,2018-01-15T22:00:41,1,19.3,1,N,1,52.5,0.5,0.5,10.76,0,0.3,64.56,132,33
2,2018-01-15T22:03:00,2018-01-15T22:32:10,4,13.69,1,N,1,40,0.5,0.5,10.32,0,0.3,51.62,162,175
1,2018-01-15T22:20:34,2018-01-15T22:48:07,1,17.9,4,N,1,63.5,0.5,0.5,19.4,0,0.3,84.2,132,265
2,2018-01-15T22:43:51,2018-01-15T23:03:48,1,9.25,1,N,1,27,0.5,0.5,6.81,5.76,0.3,40.87,138,48
2,2018-01-15T22:16:29,2018-01-15T22:41:43,1,13.93,1,N,2,39.5,0.5,0.5,0,0,0.3,40.8,132,91
2,2018-01-15T23:19:53,2018-01-15T23:23:40,1,0.4,1,N,3,-4.5,-0.5,-0.5,0,0,-0.3,-5.8,170,137
2,2018-01-15T23:27:06,2018-01-15T23:53:07,1,8.13,1,N,1,27,0.5,0.5,07.08,0,0.3,35.38,249,41
2,2018-01-16T00:49:24,2018-01-16T01:04:39,1,10.96,1,N,1,30,0.5,0.5,6.26,0,0.3,37.56,138,66
1,2018-01-16T06:03:26,2018-01-16T06:32:09,1,12.1,1,N,2,36,0,0.5,0,5.76,0.3,42.56,163,138
1,2018-01-16T07:08:40,2018-01-16T07:26:07,1,7.9,1,N,1,23.5,0,0.5,3.65,0,0.3,27.95,263,88
2,2018-05-23T16:26:27,2018-05-23T17:20:28,2,12.43,1,N,1,42,1,0.5,0,10.5,0.3,54.3,31,137
1,2018-05-23T16:20:04,2018-05-23T17:04:01,1,5.4,1,N,1,28,1,0.5,8.9,0,0.3,38.7,141,144
1,2018-05-23T18:11:07,2018-05-23T18:47:01,3,2.5,1,N,2,21.5,1,0.5,0,0,0.3,23.3,263,230
2,2018-05-23T18:01:32,2018-05-23T19:04:01,1,15.78,5,N,1,95,0,0.5,19.24,32.5,0.3,147.54,13,1
2,2018-05-23T19:12:53,2018-05-23T19:55:13,1,11.1,1,N,2,37.5,1,0.5,0,5.76,0.3,45.06,138,161
1,2018-05-23T19:49:28,2018-05-23T20:20:06,1,11.1,1,N,1,34.5,1,0.5,5,5.76,0.3,47.06,138,142
2,2018-05-23T19:27:41,2018-05-23T20:12:32,1,04.09,1,N,1,27,1,0.5,5.76,0,0.3,34.56,140,158
1,2018-05-23T20:11:44,2018-05-23T20:33:53,1,9,1,N,1,27.5,0.5,0.5,6.9,5.76,0.3,41.46,138,107
2,2018-05-23T21:50:14,2018-05-23T22:07:11,1,8.75,1,N,1,25.5,0.5,0.5,3.26,5.76,0.3,35.82,138,262
1,2018-05-23T21:31:04,2018-05-23T21:57:28,1,9.4,1,N,1,30,0.5,0.5,6.25,0,0.3,37.55,144,42
2,2018-05-23T22:33:10,2018-05-23T22:59:55,2,5.63,1,N,1,22,0.5,0.5,1,0,0.3,24.3,79,7
2,2018-05-23T22:51:12,2018-05-23T23:17:38,5,6.14,1,N,2,22.5,0.5,0.5,0,0,0.3,23.8,50,223
1,2018-05-23T22:45:13,2018-05-23T23:08:16,3,9.9,1,N,2,30,0.5,0.5,0,5.76,0.3,37.06,138,213
1,2018-05-23T23:55:37,2018-05-24T00:14:00,1,10.2,1,N,1,29.5,0.5,0.5,4.2,0,0.3,35,138,66
1,2018-05-23T23:41:15,2018-05-24T00:16:08,2,9.8,1,N,1,33,0.5,0.5,0,0,0.3,34.3,186,147
2,2018-05-23T23:39:46,2018-05-24T00:06:15,2,15.64,1,N,1,43,0.5,0.5,8.86,0,0.3,53.16,132,112
2,2018-05-24T03:53:38,2018-05-24T04:15:23,1,10.07,1,N,1,29,0.5,0.5,7.21,5.76,0.3,43.27,164,138
1,2018-05-24T04:58:15,2018-05-24T05:21:53,1,14,1,N,2,39,0.5,0.5,0,0,0.3,40.3,132,53
1,2018-05-24T04:30:07,2018-05-24T04:51:05,1,10.2,1,N,1,29,0.5,0.5,4.55,0,0.3,34.85,163,138
2,2018-06-23T00:53:54,2018-06-23T01:34:39,1,9.13,1,N,1,33.5,0.5,0.5,8.7,0,0.3,43.5,234,196
1,2018-06-23T01:09:47,2018-06-23T01:49:43,3,9.7,1,N,2,34,0.5,0.5,0,0,0.3,35.3,36,41
1,2018-06-23T02:22:35,2018-06-23T02:46:47,1,8.9,1,N,1,27.5,0.5,0.5,8.6,0,0.3,37.4,256,75
1,2018-06-23T05:41:26,2018-06-23T06:03:35,1,6.7,1,N,1,22,0.5,0.5,5.8,0,0.3,29.1,164,223
1,2018-06-23T06:06:25,2018-06-23T06:34:58,1,21.9,1,N,1,58,0,0.5,10.58,0,0.3,69.38,132,33
2,2018-06-23T07:02:42,2018-06-23T07:39:23,1,13.52,1,N,1,40.5,0,0.5,8.26,0,0.3,49.56,132,189
2,2018-06-23T07:28:06,2018-06-23T07:46:28,2,10.69,1,N,2,30,0,0.5,0,5.76,0.3,36.56,138,162
2,2018-06-23T09:17:35,2018-06-23T09:38:13,1,11.81,1,N,1,33,0,0.5,0,0,0.3,33.8,138,37
2,2018-06-23T11:57:44,2018-06-23T12:29:51,1,9.77,1,N,1,32,0,0.5,5,0,0.3,37.8,138,211
2,2018-06-23T13:45:23,2018-06-23T14:15:52,2,12.6,1,N,1,36.5,0,0.5,8.61,5.76,0.3,51.67,138,234
2,2018-06-23T14:05:31,2018-06-23T14:46:37,1,9,1,N,1,35,0,0.5,8.31,5.76,0.3,49.87,138,230
1,2018-06-23T15:20:43,2018-06-23T15:48:09,1,8.6,1,N,1,28,0,0.5,5.75,0,0.3,34.55,65,236
2,2018-01-04T18:41:46,2018-01-04T19:17:05,1,18.02,3,N,1,67.5,1,0,16.7,14.7,0.3,100.2,170,1
2,2018-01-04T21:07:25,2018-01-04T21:43:30,1,12.37,1,N,1,36.5,0.5,0.5,7,0,0.3,44.8,132,188
2,2018-01-04T23:17:22,2018-01-04T23:45:43,1,7.54,1,N,1,26,0.5,0.5,5.46,0,0.3,32.76,161,190
2,2018-01-05T00:11:09,2018-01-05T00:32:24,6,9.47,1,N,1,27.5,0.5,0.5,0,0,0.3,28.8,148,89
1,2018-01-05T00:02:11,2018-01-05T00:23:59,1,12.4,1,N,1,34.5,0.5,0.5,7.15,0,0.3,42.95,138,87
1,2018-01-05T00:50:37,2018-01-05T01:21:32,1,5.1,1,N,2,23,0.5,0.5,0,0,0.3,24.3,152,152
1,2018-01-05T03:10:28,2018-01-05T03:35:51,2,12.6,1,N,2,35.5,0.5,0.5,0,5.76,0.3,42.56,186,138
2,2018-01-05T03:45:33,2018-01-05T04:30:51,2,8.94,1,N,2,29.5,0.5,0.5,0,0,0.3,30.8,116,116
2,2018-01-05T06:44:17,2018-01-05T07:15:42,1,8.53,1,N,2,28.5,0,0.5,0,0,0.3,29.3,40,161
2,2018-01-05T06:43:02,2018-01-05T07:29:04,1,18.13,3,N,1,71,0,0,18,18.7,0.3,108,142,1
2,2018-01-05T08:53:10,2018-01-05T09:25:28,1,5.93,1,N,1,24,0,0.5,0,0,0.3,24.8,162,231
1,2018-01-05T08:36:19,2018-01-05T08:37:02,1,0,5,N,3,0.01,0,0,0,0,0.3,0.31,238,238
1,2018-01-05T09:46:05,2018-01-05T10:16:12,2,7.1,1,N,1,27.5,0,0.5,3,0,0.3,31.3,231,162
1,2018-01-05T09:57:43,2018-01-05T10:20:05,1,9.3,1,N,2,28,0,0.5,0,0,0.3,28.8,148,89
1,2018-01-05T12:40:36,2018-01-05T12:41:10,1,0,1,N,2,2.5,0,0,0,0,0.3,2.8,193,193
2,2018-01-05T13:04:21,2018-01-05T13:32:55,1,7.55,1,N,1,26,0,0.5,6.7,0,0.3,33.5,43,231
1,2018-09-13T13:25:08,2018-09-13T13:57:04,1,4.1,1,N,1,21.5,0,0.5,4.45,0,0.3,26.75,163,249
1,2018-09-13T13:50:56,2018-09-13T14:29:30,1,4.5,1,N,1,24.5,0,0.5,05.05,0,0.3,30.35,249,239
2,2018-09-13T13:43:08,2018-09-13T14:08:18,2,7.64,1,N,1,24,0,0.5,6.11,5.76,0.3,36.67,138,262
2,2018-09-13T13:23:02,2018-09-13T14:05:49,3,4.21,1,N,1,26.5,0,0.5,5.46,0,0.3,32.76,231,161
1,2018-09-13T14:51:25,2018-09-13T15:36:49,2,3.8,1,N,1,27,0,0.5,0,0,0.3,27.8,79,142
1,2018-09-13T14:40:13,2018-09-13T15:26:44,4,9.3,1,N,2,33,0,0.5,0,0,0.3,33.8,88,24
2,2018-09-13T14:50:07,2018-09-13T16:13:55,1,11.05,1,N,1,54.5,0,0.5,13.82,0,0.3,69.12,68,138
1,2018-09-13T15:54:19,2018-09-13T17:04:03,1,11.1,1,N,1,48.5,1,0.5,11.2,5.76,0.3,67.26,138,236
2,2018-09-13T16:59:50,2018-09-13T17:40:11,1,7.73,1,N,1,29.5,1,0.5,6.26,0,0.3,37.56,138,80
1,2018-09-13T17:41:30,2018-09-13T18:19:54,1,7.8,1,N,1,30.5,1,0.5,3.81,5.76,0.3,41.87,138,24
2,2018-09-13T18:32:38,2018-09-13T19:03:05,1,6.81,1,N,1,24,1,0.5,6.31,5.76,0.3,37.87,233,160
1,2018-09-13T18:10:38,2018-09-13T18:54:34,1,5.6,1,N,1,27,1,0.5,5.75,0,0.3,34.55,170,52
1,2018-09-13T19:42:15,2018-09-13T20:19:11,1,17.9,1,N,2,49,1,0.5,0,5.76,0.3,56.56,132,182
1,2018-09-13T20:16:29,2018-09-13T20:17:17,1,0,5,N,1,63,0,0,3,0,0.3,66.3,142,142
2,2018-09-13T20:26:56,2018-09-13T20:48:09,1,7.73,1,N,1,24.5,0.5,0.5,6.31,5.76,0.3,37.87,138,41
1,2018-09-13T20:19:55,2018-09-13T20:53:24,1,3.6,1,N,1,21.5,0.5,0.5,3.42,0,0.3,26.22,237,114
1,2018-09-13T20:50:18,2018-09-13T21:19:11,1,6.4,1,N,1,25,0.5,0.5,5.25,0,0.3,31.55,48,244
2,2018-09-13T19:58:38,2018-09-13T20:28:38,1,12.38,1,N,2,36,0.5,0.5,0,0,0.3,37.3,87,244
2,2018-09-13T20:41:47,2018-09-13T21:34:38,1,9.77,1,N,1,37.5,0.5,0.5,2.72,0,0.3,41.52,66,231
2,2018-09-13T21:37:46,2018-09-13T22:13:33,1,7.22,1,N,1,27.5,0.5,0.5,5.76,0,0.3,34.56,229,97
2,2018-09-13T21:47:12,2018-09-13T22:21:17,1,9.21,1,N,1,31.5,0.5,0.5,3,0,0.3,35.8,234,126
2,2018-09-13T17:53:17,2018-09-14T17:14:30,5,8.21,1,N,1,25,0.5,0.5,2.7,0,0.3,29,40,145
1,2018-09-25T00:58:11,2018-09-25T01:21:17,1,15.5,1,N,1,42,0.5,0.5,8.65,0,0.3,51.95,132,145
1,2018-09-25T02:13:37,2018-09-25T02:46:36,1,17,1,N,2,48.5,0.5,0.5,0,0,0.3,49.8,74,228
2,2018-09-25T05:30:51,2018-09-25T05:56:33,1,10.69,1,N,2,31,0.5,0.5,0,0,0.3,32.3,230,138
1,2018-09-25T06:47:13,2018-09-25T07:28:12,2,11.7,1,N,1,37.5,0,0.5,0,0,0.3,38.3,138,37
2,2018-09-25T06:03:17,2018-09-25T06:03:41,1,0,1,N,2,2.5,0,0.5,0,0,0.3,3.3,230,230
2,2018-09-25T06:17:13,2018-09-25T06:39:41,2,11.63,1,N,2,32,0,0.5,0,0,0.3,32.8,132,101
2,2018-09-25T07:31:16,2018-09-25T07:32:02,2,0.18,1,N,2,3,0,0.5,0,0,0.3,3.8,132,132
2,2018-09-25T07:45:07,2018-09-25T08:03:45,2,6.69,1,N,1,22.5,0,0.5,0,0,0.3,23.3,140,13
1,2018-09-25T07:13:59,2018-09-25T07:48:29,1,11,1,N,2,36,0,0.5,0,5.76,0.3,42.56,142,138
2,2018-09-25T07:23:45,2018-09-25T07:24:01,1,0,1,N,2,2.5,0,0.5,0,0,0.3,3.3,129,129
2,2018-09-25T08:49:38,2018-09-25T08:50:42,1,0.04,1,N,2,3,0,0.5,0,0,0.3,3.8,138,138
2,2018-09-25T08:16:00,2018-09-25T09:09:37,1,21.72,1,N,1,62,0,0.5,0,5.76,0.3,68.56,140,76
1,2018-09-25T10:43:21,2018-09-25T11:21:53,2,8.7,1,N,1,30.5,0,0.5,6.25,0,0.3,37.55,264,264
2,2018-09-25T10:35:33,2018-09-25T11:35:27,1,9.12,5,N,1,33.65,0,0.5,0,0,0.3,34.45,142,17
2,2018-09-25T11:43:00,2018-09-25T12:20:48,1,2.61,1,N,1,22.5,0,0.5,5.82,0,0.3,29.12,164,236
1,2018-09-25T11:17:47,2018-09-25T11:55:55,1,5.2,1,N,1,25.5,0,0.5,6.55,0,0.3,32.85,238,68
2,2018-09-25T11:25:58,2018-09-25T11:26:01,1,0,5,N,1,26.3,0,0,5.32,0,0.3,31.92,264,45
4,2018-09-25T11:20:27,2018-09-25T11:58:28,1,3.76,1,N,1,24,0,0.5,4.96,0,0.3,29.76,100,237
2,2018-09-25T13:24:41,2018-09-25T13:26:25,2,0.1,1,N,2,3,0,0.5,0,0,0.3,3.8,246,50
1,2018-09-25T13:35:54,2018-09-25T14:40:26,1,5.4,1,N,1,39.5,0,0.5,08.05,0,0.3,48.35,100,112
2,2018-09-25T13:22:19,2018-09-25T14:03:54,4,2.67,1,N,1,24.5,0,0.5,05.06,0,0.3,30.36,148,170
1,2018-09-25T14:34:02,2018-09-25T15:12:47,1,1.7,1,N,2,22.5,0,0.5,0,0,0.3,23.3,237,142
2,2018-09-25T14:24:25,2018-09-25T15:00:12,1,3.59,1,N,1,22.5,0,0.5,0,0,0.3,23.3,48,236
1,2018-09-25T15:25:30,2018-09-25T15:25:47,2,0,5,N,1,70,0,0,5,0,0.3,75.3,132,132
2,2018-09-25T15:05:40,2018-09-25T15:56:00,5,11.18,1,N,1,39,0,0.5,9.95,0,0.3,49.75,234,138
2,2018-09-25T15:04:56,2018-09-25T15:05:01,1,0,5,N,1,73,0,0.5,30,0,0.3,103.8,264,265
2,2018-09-25T16:17:03,2018-09-25T17:02:15,1,2.45,1,N,1,25.5,1,0.5,0,0,0.3,27.3,234,162
2,2018-09-25T16:03:04,2018-09-25T16:29:48,1,9.47,1,N,1,27,1,0.5,6.91,5.76,0.3,41.47,229,138
2,2018-03-07T10:30:32,2018-03-07T10:37:52,1,0,1,N,2,1.7,0,0.5,0,0,0.3,2.5,264,264
2,2018-03-07T12:06:18,2018-03-07T12:33:01,1,11.98,1,N,1,35,0,0.5,7,5.76,0.3,48.56,138,230
2,2018-03-07T14:20:54,2018-03-07T15:00:28,1,15.54,1,N,1,45,0,0.5,0,0,0.3,45.8,148,174
2,2018-03-07T20:26:10,2018-03-07T20:59:21,1,12.39,1,N,1,36,0.5,0.5,7,0,0.3,44.3,90,149
1,2018-02-25T07:49:02,2018-02-25T07:50:43,1,0,1,N,2,3,0,0.5,0,0,0.3,3.8,132,132
2,2018-02-25T09:04:39,2018-02-25T09:24:58,5,10.21,1,N,1,29.5,0,0.5,06.06,0,0.3,36.36,138,114
1,2018-02-25T09:27:32,2018-02-25T09:57:39,6,14.3,5,N,2,60,0,0,0,10.5,0.3,70.8,186,265
2,2018-02-25T10:49:54,2018-02-25T11:23:18,1,5.79,1,N,1,25.5,0,0.5,5.26,0,0.3,31.56,50,202
2,2018-02-25T11:11:23,2018-02-25T11:41:04,1,11.48,1,N,1,34,0,0.5,12.17,5.76,0.3,52.73,163,138
2,2018-02-25T12:52:14,2018-02-25T13:26:39,6,19.25,3,N,1,69.5,0,0,16.95,14.95,0.3,101.7,100,1
1,2018-02-25T13:30:25,2018-02-25T13:56:36,1,9.6,1,N,1,30,0,0.5,6.15,0,0.3,36.95,237,158
1,2018-02-25T14:58:23,2018-02-25T15:27:55,1,12,1,N,1,36,0,0.5,10.6,5.76,0.3,53.16,138,234
1,2018-02-25T16:35:30,2018-02-25T16:36:03,1,0,5,N,1,74.3,0,0,18.65,0,0.3,93.25,181,181
2,2018-02-25T15:38:13,2018-02-25T16:15:36,1,16.19,1,N,1,46.5,0,0.5,13.26,5.76,0.3,66.32,138,13
2,2018-02-25T17:56:11,2018-02-25T17:56:15,1,0,1,N,2,2.5,0,0.5,0,0,0.3,3.3,132,132
2,2018-11-29T16:15:48,2018-11-29T16:15:49,1,0,5,N,1,58,0,0.5,11.76,0,0.3,70.56,264,132
2,2018-11-29T17:05:12,2018-11-29T17:05:41,1,0,1,N,1,2.5,1,0.5,1.29,0,0.3,5.59,116,116
2,2018-11-29T18:15:53,2018-11-29T19:06:31,1,7.37,1,N,1,35.5,1,0.5,7.46,0,0.3,44.76,87,238
1,2018-11-29T19:01:29,2018-11-29T19:50:36,3,3.4,1,N,1,28.5,1,0.5,5,0,0.3,35.3,161,237
1,2018-11-29T19:14:23,2018-11-29T19:47:46,1,9.2,1,N,1,30.5,1,0.5,6.45,0,0.3,38.75,13,236
2,2018-11-29T19:49:42,2018-11-29T19:51:05,1,0.23,1,N,1,3,1,0.5,0.7,0,0.3,5.5,107,107
1,2018-11-29T20:46:42,2018-11-29T21:12:45,1,6.7,1,N,2,23,0.5,0.5,0,0,0.3,24.3,162,65
1,2018-11-29T21:47:39,2018-11-29T22:15:53,1,6.8,1,N,1,25,0.5,0.5,4,0,0.3,30.3,79,238
2,2018-11-29T22:28:44,2018-11-29T23:14:16,1,7.77,1,N,1,32.5,0.5,0.5,6.76,0,0.3,40.56,48,49
1,2018-11-29T22:01:44,2018-11-29T22:39:41,1,3.1,1,N,1,24,0.5,0.5,2,0,0.3,27.3,114,256
2,2018-11-29T22:18:56,2018-11-29T22:55:03,1,05.09,1,N,1,25.5,0.5,0.5,5.36,0,0.3,32.16,100,179
2,2018-11-29T22:38:22,2018-11-29T22:52:59,1,8.12,1,N,1,24,0.5,0.5,5,5.76,0.3,36.06,138,236
2,2018-11-29T23:11:22,2018-11-29T23:49:58,2,6.86,1,N,1,27.5,0.5,0.5,5.76,0,0.3,34.56,249,61
1,2018-11-29T23:19:21,2018-11-29T23:55:24,1,8.8,1,N,1,30.5,0.5,0.5,0,5.76,0.3,37.56,100,257
2,2018-11-29T23:24:17,2018-11-30T00:07:33,1,13.02,1,N,1,42.5,0.5,0.5,9.91,5.76,0.3,59.47,230,28
2,2018-11-30T00:10:03,2018-11-30T00:35:43,3,6.98,1,N,1,24,0.5,0.5,2,0,0.3,27.3,88,230
2,2018-11-30T00:28:32,2018-11-30T01:11:51,1,07.09,1,N,1,29.5,0.5,0.5,6.16,0,0.3,36.96,230,97
1,2018-11-06T19:31:06,2018-11-06T20:00:11,1,6.4,1,N,2,24,0,0.5,0,0,0.3,24.8,142,69
2,2018-11-06T20:04:23,2018-11-06T20:19:13,1,7.75,1,N,1,22.5,0.5,0.5,3,0,0.3,26.8,74,232
2,2018-11-06T21:52:34,2018-11-06T22:22:18,5,6.59,1,N,1,24.5,0.5,0.5,5.16,0,0.3,30.96,158,181
2,2018-11-06T21:53:15,2018-11-06T22:23:36,1,6.23,1,N,1,24,0.5,0.5,05.06,0,0.3,30.36,186,263
2,2018-11-06T21:58:39,2018-11-06T22:28:40,4,5.65,1,N,1,23.5,0.5,0.5,6.2,0,0.3,31,100,80
1,2018-11-06T22:22:22,2018-11-06T22:45:49,1,17.8,1,N,1,48,0.5,0.5,5,5.76,0.3,60.06,138,261
2,2018-11-06T22:43:09,2018-11-06T22:59:11,1,6.41,1,N,1,21.5,0.5,0.5,2.8,0,0.3,25.6,163,244
1,2018-11-06T23:55:36,2018-11-07T00:13:44,1,8.8,1,N,2,26,0.5,0.5,0,0,0.3,27.3,162,213
2,2018-11-06T23:48:36,2018-11-07T00:12:39,1,18.19,1,N,1,48,0.5,0.5,9.86,0,0.3,59.16,132,65
1,2018-11-06T23:09:35,2018-11-06T23:34:41,2,6.1,1,N,1,21.5,0.5,0.5,3,0,0.3,25.8,107,233
2,2018-11-07T01:17:33,2018-11-07T01:39:05,1,9.23,1,N,1,27.5,0.5,0.5,6.91,5.76,0.3,41.47,138,230
1,2018-11-07T02:00:39,2018-11-07T02:23:02,1,9.7,1,N,1,29.5,0.5,0.5,5,0,0.3,35.8,264,264
1,2018-11-07T06:40:24,2018-11-07T07:30:43,1,13.3,1,N,1,44.5,0,0.5,7.66,5.76,0.3,58.72,77,170
2,2018-11-07T08:23:13,2018-11-07T08:54:18,1,4.29,1,N,1,22,0,0.5,0,0,0.3,22.8,97,35
2,2018-11-07T07:59:31,2018-11-07T08:31:02,4,13.47,1,N,1,38,0,0.5,1,0,0.3,39.8,88,247
1,2018-11-07T08:33:40,2018-11-07T09:09:44,1,5.5,1,N,1,25.5,0,0.5,3.7,0,0.3,30,238,231
2,2018-11-07T08:46:47,2018-11-07T09:29:46,1,8,1,N,1,34,0,0.5,8.7,0,0.3,43.5,142,138
2,2018-11-07T08:28:48,2018-11-07T09:09:45,5,4.41,1,N,2,26,0,0.5,0,0,0.3,26.8,113,236
2,2018-11-07T09:16:55,2018-11-07T09:57:34,1,6.18,1,N,1,28.5,0,0.5,8.79,0,0.3,38.09,170,87
1,2018-11-07T10:23:43,2018-11-07T10:55:55,1,4.2,1,N,1,22,0,0.5,4.55,0,0.3,27.35,186,87
1,2018-11-07T10:22:41,2018-11-07T11:05:39,1,7.7,1,N,1,34,0,0.5,6.95,0,0.3,41.75,230,138
1,2018-04-15T01:40:16,2018-04-15T02:09:27,1,17,1,N,1,46,0.5,0.5,11.8,0,0.3,59.1,79,46
1,2018-04-15T01:09:47,2018-04-15T01:34:41,1,10.5,1,N,4,31.5,0.5,0.5,0,0,0.3,32.8,186,127
1,2018-04-15T02:12:53,2018-04-15T02:28:25,1,8.3,1,N,1,24.5,0.5,0.5,5.15,0,0.3,30.95,148,7
2,2018-04-15T01:59:40,2018-04-15T02:24:11,1,9.68,1,N,1,29.5,0.5,0.5,6.16,0,0.3,36.96,148,42
2,2018-04-15T03:40:28,2018-04-15T03:45:46,1,0,5,N,3,-45,0,0,0,0,-0.3,-45.3,148,148
1,2018-04-15T03:23:26,2018-04-15T03:52:51,4,8.2,1,N,1,27.5,0.5,0.5,5.75,0,0.3,34.55,36,48
2,2018-04-15T04:09:54,2018-04-15T04:33:05,2,10.33,1,N,1,30,0.5,0.5,0,0,0.3,31.3,249,243
1,2018-04-15T08:51:51,2018-04-15T09:10:16,0,10.4,1,N,1,29,0,0.5,5,5.76,0.3,40.56,162,138
2,2018-04-15T08:38:33,2018-04-15T09:03:11,1,12.57,1,N,1,36,0,0.5,6,5.76,0.3,48.56,163,138
2,2018-04-15T09:06:14,2018-04-15T09:39:12,1,16.84,1,N,2,47.5,0,0.5,0,0,0.3,48.3,114,174
2,2018-04-15T09:35:20,2018-04-15T09:52:53,5,9.73,1,N,2,27.5,0,0.5,0,0,0.3,28.3,148,69
2,2018-04-15T11:15:23,2018-04-15T11:37:16,1,12.08,1,N,2,34,0,0.5,0,0,0.3,34.8,138,63
2,2018-04-15T12:58:10,2018-04-15T13:34:36,1,2.7,1,N,2,21.5,0,0.5,0,0,0.3,22.3,233,186
2,2018-04-15T12:43:27,2018-04-15T13:06:48,2,5.72,1,N,1,22.5,0,0.5,0,0,0.3,23.3,108,67
2,2018-04-15T13:18:54,2018-04-15T13:49:47,5,7.46,1,N,1,27.5,0,0.5,4.7,0,0.3,33,151,231
1,2018-04-15T13:01:21,2018-04-15T13:24:03,1,8.2,1,N,2,25.5,0,0.5,0,0,0.3,26.3,132,121
2,2018-04-15T13:14:47,2018-04-15T13:45:01,1,5,1,N,2,21.5,0,0.5,0,0,0.3,22.3,41,170
2,2018-04-15T13:09:37,2018-04-15T13:32:14,1,8.97,1,N,1,26.5,0,0.5,6.61,5.76,0.3,39.67,138,263
2,2018-04-15T14:15:47,2018-04-15T14:51:46,1,19.93,4,N,1,87,0,0.5,17.56,0,0.3,105.36,132,265
2,2018-04-15T14:29:33,2018-04-15T15:09:46,2,19.08,3,N,1,71.5,0,0,5,17.1,0.3,93.9,261,1
1,2018-04-15T14:08:19,2018-04-15T14:44:18,1,11.1,1,N,1,35,0,0.5,3,5.76,0.3,44.56,138,170
1,2018-09-02T17:03:46,2018-09-02T17:36:47,1,6.3,1,N,1,25,0,0.5,6.45,0,0.3,32.25,209,61
2,2018-09-02T18:08:01,2018-09-02T18:32:55,1,7.13,1,N,1,25,0,0.5,6.45,0,0.3,32.25,261,161
1,2018-09-02T18:52:12,2018-09-02T19:35:20,1,16.7,1,N,1,48,0,0.5,12.2,0,0.3,61,138,89
2,2018-09-02T19:12:58,2018-09-02T19:36:01,2,9.38,1,N,2,28,0,0.5,0,0,0.3,28.8,138,79
2,2018-09-02T19:12:22,2018-09-02T19:47:15,5,7.86,1,N,2,29.5,0,0.5,0,0,0.3,30.3,166,79
2,2018-09-02T22:41:43,2018-09-02T23:17:19,4,15.07,1,N,2,44.5,0.5,0.5,0,0,0.3,45.8,263,216
2,2018-09-03T00:55:46,2018-09-03T01:23:48,2,18.41,1,N,1,51,0.5,0.5,10.46,0,0.3,62.76,132,65
2,2018-09-03T00:02:57,2018-09-03T00:38:06,1,6.92,1,N,1,28,0.5,0.5,0,0,0.3,29.3,148,72
2,2018-09-03T06:47:20,2018-09-03T07:10:52,1,14.51,3,N,1,57.5,0,0,14.06,12.5,0.3,84.36,87,1
2,2018-09-03T08:35:30,2018-09-03T09:02:54,1,16.14,1,N,1,44.5,0,0.5,5,0,0.3,50.3,132,112
1,2018-09-03T12:34:20,2018-09-03T13:02:15,2,12.4,1,Y,2,36.5,0,0.5,0,0,0.3,37.3,230,31
2,2018-09-03T12:29:25,2018-09-03T12:30:01,1,0,1,N,2,2.5,0,0.5,0,0,0.3,3.3,230,230
2,2018-08-21T04:56:24,2018-08-21T05:18:35,1,10.33,1,N,1,30,0.5,0.5,6.26,0,0.3,37.56,230,138
2,2018-08-21T04:41:41,2018-08-21T05:05:54,1,16.9,3,N,1,62.5,0.5,0,18.45,10.5,0.3,92.25,48,1
1,2018-08-21T05:13:32,2018-08-21T05:35:13,1,9.9,1,N,1,29,0.5,0.5,5,5.76,0.3,41.06,186,138
1,2018-08-21T05:44:19,2018-08-21T06:01:54,1,8.4,1,N,1,25.5,0.5,0.5,5,5.76,0.3,37.56,236,138
1,2018-08-21T07:07:43,2018-08-21T07:24:44,1,6.9,1,N,1,21.5,0,0.5,6.65,0,0.3,28.95,88,237
2,2018-08-21T07:34:02,2018-08-21T07:51:41,1,9.23,1,N,1,26,0,0.5,5,5.76,0.3,37.56,141,138
1,2018-08-21T08:25:31,2018-08-21T09:08:24,1,25.8,4,N,1,117.5,0,0.5,23.65,0,0.3,141.95,132,265
1,2018-08-21T09:25:05,2018-08-21T09:58:40,1,10,1,N,1,32.5,0,0.5,7.8,5.76,0.3,46.86,142,138
2,2018-08-21T09:28:58,2018-08-21T10:20:04,3,9.14,1,N,1,36.5,0,0.5,0,0,0.3,37.3,35,234
2,2018-08-21T12:54:48,2018-08-21T13:18:41,5,7.4,1,N,1,24,0,0.5,0,0,0.3,24.8,132,135
1,2018-08-21T13:35:21,2018-08-21T13:36:31,1,0.1,1,N,2,3,0,0.5,0,0,0.3,3.8,166,24
1,2018-08-21T13:33:13,2018-08-21T13:56:21,1,8.3,1,N,2,25.5,0,0.5,0,5.76,0.3,32.06,236,138
1,2018-08-21T14:12:47,2018-08-21T15:04:05,1,13.5,1,N,2,45.5,0,0.5,0,0,0.3,46.3,264,264
2,2018-08-21T15:29:09,2018-08-21T16:13:59,5,10.38,1,N,1,37.5,0,0.5,0,5.76,0.3,44.06,107,134
2,2018-08-21T16:51:25,2018-08-21T17:08:23,2,6.64,1,N,1,21.5,1,0.5,4.66,0,0.3,27.96,261,229
2,2018-08-21T17:34:18,2018-08-21T18:14:43,1,06.07,1,N,1,28,1,0.5,8.94,0,0.3,38.74,68,7
2,2018-06-13T11:53:59,2018-06-13T12:31:04,1,2.65,1,N,2,21.5,0,0.5,0,0,0.3,22.3,211,161
1,2018-06-13T11:51:10,2018-06-13T12:26:51,1,2.8,1,N,2,21.5,0,0.5,0,0,0.3,22.3,262,142
2,2018-06-13T11:11:16,2018-06-13T12:28:35,1,18.15,1,N,1,65,0,0.5,0,5.76,0.3,71.56,219,75
2,2018-06-13T12:27:16,2018-06-14T10:57:18,1,13.64,1,N,1,38.5,0,0.5,5.9,0,0.3,45.2,132,53
1,2018-06-13T13:18:55,2018-06-13T14:00:22,1,10.5,1,N,1,35,0,0.5,6,0,0.3,41.8,138,62
2,2018-06-13T14:40:26,2018-06-13T15:15:10,1,3.89,1,N,1,21.5,0,0.5,5.58,0,0.3,27.88,114,140
2,2018-06-13T14:40:49,2018-06-13T15:22:03,1,11.19,1,N,1,36.5,0,0.5,9.32,0,0.3,46.62,166,183
2,2018-06-13T15:43:09,2018-06-13T16:23:08,1,10.47,1,N,2,34,0,0.5,0,5.76,0.3,40.56,138,161
2,2018-06-13T17:53:50,2018-06-13T18:23:33,1,8.37,1,N,1,26.5,1,0.5,8.49,0,0.3,36.79,264,264
2,2018-06-13T17:32:00,2018-06-13T18:03:16,1,9.44,1,N,1,30,1,0.5,5.63,5.76,0.3,43.19,170,138
1,2018-06-13T18:19:33,2018-06-13T18:40:02,0,7.2,1,N,1,23,1,0.5,6.1,5.76,0.3,36.66,138,41
2,2018-08-08T23:23:09,2018-08-08T23:40:41,1,9.19,1,N,1,26.5,0.5,0.5,6.95,0,0.3,34.75,138,79
1,2018-08-08T23:49:06,2018-08-09T00:18:16,1,6.5,1,N,1,24,0.5,0.5,6.3,0,0.3,31.6,234,189
2,2018-08-08T23:26:55,2018-08-08T23:56:46,5,19.86,1,N,2,52.5,0.5,0.5,0,0,0.3,53.8,132,265
2,2018-08-09T03:07:53,2018-08-09T03:36:03,2,13.61,1,N,2,39.5,0.5,0.5,0,0,0.3,40.8,48,9
2,2018-08-09T06:45:38,2018-08-09T07:14:21,3,08.07,1,N,1,27.5,0,0.5,0,5.76,0.3,34.06,50,194
1,2018-08-09T06:01:54,2018-08-09T06:48:14,1,21.5,1,N,2,60,0,0.5,0,5.76,0.3,66.56,132,259
2,2018-08-09T06:33:46,2018-08-09T06:58:52,1,11,1,N,2,33,0,0.5,0,5.76,0.3,39.56,229,138
2,2018-08-09T06:16:45,2018-08-09T06:40:09,1,9.31,1,N,2,28.5,0,0.5,0,0,0.3,29.3,132,35
2,2018-08-09T07:28:16,2018-08-09T08:10:31,1,12.13,1,N,1,39,0,0.5,0,5.76,0.3,45.56,228,141
2,2018-08-09T08:34:07,2018-08-09T09:11:28,1,3.52,1,N,1,23.5,0,0.5,3,0,0.3,27.3,107,50
1,2018-08-09T08:48:54,2018-08-09T09:10:15,1,7.5,1,N,1,23,0,0.5,3,0,0.3,26.8,132,135
1,2018-08-09T09:30:00,2018-08-09T10:14:13,4,12.9,1,N,2,43,0,0.5,0,5.76,0.3,49.56,138,100
1,2018-08-09T09:15:09,2018-08-09T09:46:27,1,5.3,1,N,1,23.5,0,0.5,3.65,0,0.3,27.95,238,113
1,2018-08-09T09:17:18,2018-08-09T10:05:01,2,17.6,3,N,2,70,0,0,0,12.5,0.3,82.8,170,1
2,2018-08-09T12:33:37,2018-08-09T13:33:25,1,10.72,1,N,1,44,0,0.5,10.11,5.76,0.3,60.67,138,143
1,2018-08-09T12:39:34,2018-08-09T13:14:36,1,7.5,1,N,1,28.5,0,0.5,5.85,0,0.3,35.15,161,33
2,2018-08-09T12:40:38,2018-08-09T13:27:46,1,9.7,1,N,1,37,0,0.5,8.71,5.76,0.3,52.27,138,162
1,2018-08-09T13:11:52,2018-08-09T13:51:24,1,15.8,3,N,1,64.5,0,0,12,15.5,0.3,92.3,13,1
2,2018-08-09T13:52:17,2018-08-09T14:29:19,3,8.63,1,N,1,31,0,0.5,6,5.76,0.3,43.56,170,138
1,2018-07-04T20:52:20,2018-07-04T21:06:37,1,7.5,1,N,1,22.5,0.5,0.5,5.95,0,0.3,29.75,230,244
2,2018-07-04T21:50:12,2018-07-04T22:18:58,1,11.63,1,N,1,35,0.5,0.5,0,0,0.3,36.3,138,76
2,2018-07-04T20:58:22,2018-07-04T21:39:12,2,7.73,1,N,1,31.5,0.5,0.5,6.56,0,0.3,39.36,137,217
2,2018-07-04T22:21:34,2018-07-04T22:58:49,5,9,1,N,1,34,0.5,0.5,8.21,5.76,0.3,49.27,138,229
1,2018-07-04T22:20:47,2018-07-04T22:51:23,1,11,4,N,2,36.5,0.5,0.5,0,0,0.3,37.8,132,265
2,2018-07-04T22:07:56,2018-07-04T22:36:30,1,5.7,1,N,1,22.5,0.5,0.5,4,0,0.3,27.8,140,231
2,2018-07-04T23:04:20,2018-07-04T23:47:46,1,14.49,1,N,1,44,0.5,0.5,7,0,0.3,52.3,132,181
1,2018-07-04T23:23:09,2018-07-04T23:53:53,3,7.8,1,N,2,28,0.5,0.5,0,0,0.3,29.3,229,95
2,2018-07-04T23:54:59,2018-07-05T00:32:45,1,11.1,1,N,1,37,0.5,0.5,9.58,0,0.3,47.88,79,165
2,2018-07-05T06:02:54,2018-07-05T06:22:43,1,9.79,1,N,1,29,0,0.5,8.89,5.76,0.3,44.45,68,138
1,2018-07-05T08:31:56,2018-07-05T09:07:42,1,9.2,1,N,4,33.5,0,0.5,0,0,0.3,34.3,79,152
2,2018-07-05T09:57:33,2018-07-05T09:59:08,2,0,1,N,1,3,0,0.5,0,0,0.3,3.8,193,193
1,2018-07-05T09:09:10,2018-07-05T09:43:21,1,5.4,1,N,2,25,0,0.5,0,0,0.3,25.8,13,163
1,2018-07-05T09:28:48,2018-07-05T10:00:22,2,11.5,1,N,2,36.5,0,0.5,0,5.76,0.3,43.06,138,164
2,2018-07-05T11:21:37,2018-07-05T11:48:04,1,9.98,1,N,1,31,0,0.5,9.39,5.76,0.3,46.95,138,230
1,2018-07-05T14:48:03,2018-07-05T15:30:27,2,4.6,1,N,2,26.5,0,0.5,0,0,0.3,27.3,186,140
1,2018-05-14T07:36:59,2018-05-14T07:37:06,1,1.7,1,N,3,2.5,0,0.5,0,0,0.3,3.3,107,107
2,2018-05-14T07:13:57,2018-05-14T07:43:02,1,5.61,1,N,1,22,0,0.5,4,0,0.3,26.8,231,68
2,2018-05-14T08:12:03,2018-05-14T08:47:20,5,10.9,1,N,1,34,0,0.5,5,5.76,0.3,45.56,138,170
1,2018-05-14T09:20:42,2018-05-14T09:55:49,1,5.2,1,N,1,24.5,0,0.5,05.05,0,0.3,30.35,161,13
2,2018-05-14T09:16:41,2018-05-14T10:02:19,1,8.33,1,N,1,33,0,0.5,7.91,5.76,0.3,47.47,138,162
2,2018-05-14T10:51:10,2018-05-14T11:31:40,5,9.56,1,N,1,33.5,0,0.5,12.02,5.76,0.3,52.08,163,181
2,2018-05-14T12:00:17,2018-05-14T12:22:48,1,6.18,1,N,1,22,0,0.5,0,0,0.3,22.8,231,140
2,2018-05-14T12:12:40,2018-05-14T12:50:13,1,4.47,1,N,1,24,0,0.5,4.96,0,0.3,29.76,163,231
2,2018-05-14T14:07:43,2018-05-14T14:37:05,1,9.93,1,N,1,31,0,0.5,0,0,0.3,31.8,132,225
2,2018-05-14T14:07:46,2018-05-14T14:07:50,5,0.01,1,N,3,-2.5,0,-0.5,0,0,-0.3,-3.3,132,132
2,2018-05-14T14:32:29,2018-05-14T14:58:02,1,5.97,1,N,1,23,0,0.5,4.76,0,0.3,28.56,100,87
1,2018-05-14T15:52:11,2018-05-14T16:25:46,1,5.7,1,N,1,24.5,0,0.5,05.05,0,0.3,30.35,211,263
2,2018-05-14T15:23:19,2018-05-14T16:09:48,1,18.05,3,N,1,69.5,0,0,16.36,12,0.3,98.16,162,1
2,2018-05-14T15:19:45,2018-05-14T15:54:31,1,9.59,1,N,1,32.5,0,0.5,0,5.76,0.3,39.06,138,244
2,2018-05-14T16:53:21,2018-05-14T18:01:19,1,13.92,1,N,1,50,1,0.5,11.51,5.76,0.3,69.07,142,171
1,2018-05-14T16:07:57,2018-05-14T16:57:44,1,12.3,1,N,1,40.5,1,0.5,10,5.76,0.3,58.06,138,186
2,2018-05-14T16:54:10,2018-05-14T17:45:20,5,12.13,1,N,2,40.5,1,0.5,0,5.76,0.3,48.06,230,138
2,2018-05-14T16:00:18,2018-05-14T16:30:36,1,08.04,1,N,1,28,1,0.5,4.5,0,0.3,34.3,236,231
1,2018-05-14T16:07:10,2018-05-14T17:02:39,2,16.9,3,N,1,72,1,0,0,15.04,0.3,88.34,87,1
2,2018-05-14T17:08:53,2018-05-14T17:30:47,3,07.04,1,N,1,23,1,0.5,4.96,0,0.3,29.76,138,145
2,2018-10-05T20:41:32,2018-10-05T21:13:43,1,14.83,1,N,2,41,0.5,0.5,0,0,0.3,42.3,132,16
1,2018-10-05T20:23:43,2018-10-05T20:55:41,1,5.9,1,N,1,24,0.5,0.5,7,0,0.3,32.3,264,264
2,2018-10-05T21:29:47,2018-10-05T22:24:24,2,7.75,1,N,1,36,0.5,0.5,7.46,0,0.3,44.76,246,37
1,2018-10-05T21:57:20,2018-10-05T22:27:02,3,5.8,1,N,1,23,0.5,0.5,06.05,0,0.3,30.35,164,166
2,2018-10-05T21:40:07,2018-10-05T22:13:16,1,16.5,1,N,1,46.5,0.5,0.5,10.71,5.76,0.3,64.27,138,13
2,2018-10-05T22:33:19,2018-10-05T22:59:54,2,06.05,1,N,1,21.5,0.5,0.5,5.7,0,0.3,28.5,113,74
2,2018-10-05T22:31:05,2018-10-05T23:02:39,2,04.05,1,N,1,21.5,0.5,0.5,2,0,0.3,24.8,50,148
2,2018-10-05T23:03:16,2018-10-05T23:32:43,1,6.99,1,N,1,25.5,0.5,0.5,5.36,0,0.3,32.16,249,41
1,2018-10-05T23:14:09,2018-10-05T23:36:27,1,7.5,1,N,1,24,0.5,0.5,4,5.76,0.3,35.06,138,152
1,2018-10-05T23:51:30,2018-10-06T00:18:48,1,8.8,1,N,2,29,0.5,0.5,0,0,0.3,30.3,132,77
2,2018-10-05T23:41:00,2018-10-05T23:57:53,1,7.56,1,N,1,23,0.5,0.5,4.86,0,0.3,29.16,48,244
2,2018-10-05T23:33:19,2018-10-05T23:59:02,2,10.25,1,N,2,31,0.5,0.5,0,5.76,0.3,38.06,138,163
2,2018-10-05T23:44:52,2018-10-06T00:23:36,1,19.37,1,N,1,55,0.5,0.5,3,0,0.3,59.3,132,25
2,2018-10-06T00:42:34,2018-10-06T01:20:02,6,22.25,1,N,2,60.5,0.5,0.5,0,0,0.3,61.8,132,62
1,2018-10-06T01:12:37,2018-10-06T01:48:04,4,4.3,1,N,1,23,0.5,0.5,3.65,0,0.3,27.95,148,48
2,2018-10-06T04:21:24,2018-10-06T04:22:14,1,0.25,1,N,1,3,0.5,0.5,15,0,0.3,19.3,127,153
2,2018-10-06T04:53:33,2018-10-06T05:09:36,1,7.92,1,N,2,23.5,0.5,0.5,0,0,0.3,24.8,7,196
4,2018-10-06T09:46:36,2018-10-06T10:22:47,1,10.52,1,N,2,36,0,0.5,0,5.76,0.3,42.56,230,138
1,2018-10-06T10:46:45,2018-10-06T11:15:14,1,10.2,1,N,1,32,0,0.5,7.7,5.76,0.3,46.26,143,138
2,2018-10-06T11:54:54,2018-10-06T12:34:56,1,11.65,1,N,1,38,0,0.5,7.76,0,0.3,46.56,230,181
2,2018-11-29T06:25:49,2018-11-29T06:56:18,1,15.68,1,N,1,44,0,0.5,0,5.76,0.3,50.56,65,248
2,2018-11-29T07:46:05,2018-11-29T07:47:40,1,0.21,1,N,1,3,0,0.5,0.76,0,0.3,4.56,142,142
2,2018-11-29T08:15:23,2018-11-29T08:45:41,1,9.18,1,N,1,32,0,0.5,7.71,5.76,0.3,46.27,237,138
1,2018-11-29T09:40:35,2018-11-29T10:02:21,1,6.6,1,N,1,22.5,0,0.5,4.65,0,0.3,27.95,140,87
1,2018-11-29T09:23:35,2018-11-29T09:47:57,1,5.6,1,N,1,21.5,0,0.5,2,0,0.3,24.3,140,144
2,2018-11-29T09:54:05,2018-11-29T10:24:55,2,9.35,1,N,2,31.5,0,0.5,0,5.76,0.3,38.06,238,138
2,2018-11-29T11:33:44,2018-11-29T12:05:48,1,8.82,1,N,1,30.5,0,0.5,0,0,0.3,31.3,162,95
2,2018-11-29T12:15:00,2018-11-29T12:47:01,1,05.05,1,N,2,23,0,0.5,0,0,0.3,23.8,142,249
2,2018-11-29T12:55:52,2018-11-29T13:21:22,1,10.97,1,N,2,30.5,0,0.5,0,5.76,0.3,37.06,233,138
2,2018-11-29T13:25:38,2018-11-29T14:18:08,1,3.51,1,N,1,30,0,0.5,6.16,0,0.3,36.96,236,234
1,2018-11-29T13:53:56,2018-11-29T14:24:02,1,4,1,N,1,21.5,0,0.5,4.45,0,0.3,26.75,236,226
1,2018-11-29T14:53:22,2018-11-29T15:28:57,1,5.5,1,N,1,25,0,0.5,5.15,0,0.3,30.95,244,236
1,2018-11-29T14:16:49,2018-11-29T14:17:44,1,1,1,N,2,2.5,0,0.5,0,0,0.3,3.3,170,170
2,2018-11-29T14:20:45,2018-11-29T15:19:57,2,9.71,1,N,2,42.5,0,0.5,0,5.76,0.3,49.06,138,230
2,2018-11-29T14:50:34,2018-11-29T15:51:54,2,8.35,1,N,1,40,0,0.5,8.16,0,0.3,48.96,264,264
4,2018-11-29T14:32:54,2018-11-29T15:24:04,1,10.33,1,N,1,38.5,0,0.5,11.27,5.76,0.3,56.33,138,161
2,2018-11-29T15:16:15,2018-11-29T15:16:24,1,0,1,N,2,2.5,0,0.5,0,0,0.3,3.3,230,230
2,2018-11-29T15:03:58,2018-11-29T15:38:14,5,9.15,1,N,1,30.5,0,0.5,9.26,5.76,0.3,46.32,138,237
1,2018-11-29T15:02:49,2018-11-29T16:01:53,1,8.6,1,N,1,39.5,0,0.5,10.05,0,0.3,50.35,140,40
2,2018-11-29T15:02:04,2018-11-29T15:43:34,1,13.01,1,N,1,40,0,0.5,0,0,0.3,40.8,100,182
1,2018-02-24T18:06:51,2018-02-24T18:43:54,1,10.1,1,N,2,34.5,0,0.5,0,5.76,0.3,41.06,234,96
2,2018-02-24T18:32:45,2018-02-24T18:59:43,1,9.8,1,N,2,28,0.5,0.5,0,5.76,0.3,35.06,138,140
2,2018-02-24T20:50:36,2018-02-24T21:17:31,1,8.87,1,N,2,27.5,0.5,0.5,0,0,0.3,28.8,41,242
1,2018-02-24T22:34:44,2018-02-24T23:27:27,1,13.8,1,N,1,47,0.5,0.5,9.65,0,0.3,57.95,170,14
2,2018-02-24T22:11:03,2018-02-24T22:39:54,1,8.28,1,N,1,27,0.5,0.5,5.66,0,0.3,33.96,238,148
1,2018-02-24T23:17:27,2018-02-24T23:43:07,1,6.4,1,N,1,23,0.5,0.5,06.05,0,0.3,30.35,141,231
2,2018-02-24T23:26:22,2018-02-24T23:52:57,6,6.61,1,N,1,23.5,0.5,0.5,4.96,0,0.3,29.76,79,24
1,2018-02-25T00:59:20,2018-02-25T01:25:11,1,5.6,1,N,2,22,0.5,0.5,0,0,0.3,23.3,186,7
1,2018-02-25T01:04:28,2018-02-25T01:28:02,1,6.1,1,N,1,22,0.5,0.5,2,0,0.3,25.3,79,106
2,2018-03-06T19:11:04,2018-03-06T19:30:32,6,7.35,1,N,2,21.5,1,0.5,0,5.76,0.3,29.06,138,75
2,2018-03-06T20:35:49,2018-03-06T21:04:21,5,8.44,1,N,1,28.5,0.5,0.5,8.89,5.76,0.3,44.45,138,164
1,2018-03-06T20:30:54,2018-03-06T20:55:33,1,8.2,1,N,1,26.5,0.5,0.5,4,5.76,0.3,37.56,138,162
1,2018-03-06T20:36:16,2018-03-06T21:04:32,1,11.1,1,N,1,33.5,0.5,0.5,8.7,0,0.3,43.5,132,225
1,2018-03-06T20:10:29,2018-03-06T20:41:43,1,6.2,1,N,2,24,0.5,0.5,0,0,0.3,25.3,148,238
1,2018-03-06T21:35:43,2018-03-06T22:07:18,1,10.5,1,N,1,33.5,0.5,0.5,0,0,0.3,34.8,145,227
1,2018-03-06T22:54:31,2018-03-06T23:26:08,1,11,1,N,2,35,0.5,0.5,0,0,0.3,36.3,138,62
2,2018-03-06T22:10:42,2018-03-06T22:27:58,2,7.45,1,N,1,22.5,0.5,0.5,4.76,0,0.3,28.56,236,231
2,2018-03-06T22:16:47,2018-03-06T22:44:22,1,6.45,1,N,1,23,0.5,0.5,4.86,0,0.3,29.16,79,24
1,2018-03-06T23:10:29,2018-03-06T23:33:04,1,6.2,1,N,1,22.5,0.5,0.5,5.95,0,0.3,29.75,231,137
2,2018-03-06T23:59:37,2018-03-07T00:27:55,1,8.81,1,N,1,29,0.5,0.5,7.58,0,0.3,37.88,161,181
2,2018-03-07T00:38:43,2018-03-07T01:12:19,1,10.59,1,N,1,34,0.5,0.5,5,0,0.3,40.3,249,69
1,2018-03-07T06:18:47,2018-03-07T06:34:43,1,9.2,1,N,2,26.5,0,0.5,0,0,0.3,27.3,246,247
2,2018-03-07T07:10:43,2018-03-07T07:28:59,4,8.78,1,N,1,25.5,0,0.5,5.26,0,0.3,31.56,236,231
2,2018-03-07T07:57:32,2018-03-07T08:34:58,1,7.5,1,N,1,28,0,0.5,0,0,0.3,28.8,14,228
2,2018-03-07T08:47:51,2018-03-07T08:48:57,1,0.27,1,N,1,3,0,0.5,0.76,0,0.3,4.56,236,236
1,2018-03-07T08:01:41,2018-03-07T08:26:17,1,11.1,1,N,1,33,0,0.5,7.9,5.76,0.3,47.46,138,161
2,2018-09-24T12:31:11,2018-09-24T13:14:07,1,1.4,1,N,1,24,0,0.5,3,0,0.3,27.8,141,161
1,2018-09-24T12:16:06,2018-09-24T13:07:16,1,19.9,1,N,1,62,0,0.5,13.7,5.76,0.3,82.26,161,138
2,2018-09-24T12:18:13,2018-09-24T12:47:28,1,7.81,1,N,1,29,0,0.5,7.11,5.76,0.3,42.67,138,234
2,2018-09-24T12:02:25,2018-09-24T12:53:06,1,12.6,5,N,1,36.28,0,0.5,0,5.76,0.3,42.84,134,230
2,2018-09-24T12:58:55,2018-09-24T13:36:32,1,15.56,1,N,1,47.5,0,0.5,10.81,5.76,0.3,64.87,163,138
1,2018-09-24T12:18:51,2018-09-24T13:04:39,1,12.1,1,N,2,41.5,0,0.5,0,0,0.3,42.3,229,188
2,2018-09-24T13:49:58,2018-09-24T14:07:21,2,7.5,1,N,2,23.5,0,0.5,0,0,0.3,24.3,19,28
1,2018-09-24T13:05:21,2018-09-24T13:35:02,1,4.9,1,N,1,21.5,0,0.5,4.45,0,0.3,26.75,151,170
2,2018-09-24T13:21:49,2018-09-24T13:54:49,6,10.61,1,N,1,34,0,0.5,8.11,5.76,0.3,48.67,114,138
1,2018-09-24T13:12:43,2018-09-24T13:41:28,2,6.3,1,N,2,24,0,0.5,0,0,0.3,24.8,239,79
2,2018-09-24T14:07:15,2018-09-24T14:46:52,1,8.8,1,N,1,35,0,0.5,8.31,5.76,0.3,49.87,138,170
2,2018-09-24T15:31:53,2018-09-24T16:12:04,1,17.24,1,N,1,51,0,0.5,0,5.76,0.3,57.56,79,55
2,2018-09-24T15:44:06,2018-09-24T16:13:07,5,10.3,1,N,1,32.5,0,0.5,4,5.76,0.3,43.06,161,138
2,2018-09-24T15:39:22,2018-09-24T16:09:30,1,6.55,1,N,2,26,0,0.5,0,0,0.3,26.8,100,88
2,2018-09-24T17:21:19,2018-09-24T17:47:25,2,9.59,1,N,1,29.5,1,0.5,0,0,0.3,31.3,138,97
1,2018-09-24T17:19:42,2018-09-24T18:01:36,1,9.3,1,N,1,33.5,1,0.5,07.05,0,0.3,42.35,48,106
2,2018-09-24T18:06:49,2018-09-24T18:53:59,1,3.57,1,N,1,28,1,0.5,5.96,0,0.3,35.76,234,263
2,2018-09-24T18:44:44,2018-09-24T19:21:05,1,11.23,1,N,1,37,1,0.5,8.91,5.76,0.3,53.47,138,142
1,2018-09-24T19:49:30,2018-09-24T20:37:04,2,4.1,1,N,2,29.5,1,0.5,0,0,0.3,31.3,107,236
1,2018-09-24T20:59:05,2018-09-24T21:16:16,1,6.9,1,N,1,21.5,0.5,0.5,4.55,0,0.3,27.35,170,25
1,2018-09-24T20:10:01,2018-09-24T20:37:34,2,14.3,1,N,1,40,0.5,0.5,8.25,0,0.3,49.55,132,223
1,2018-09-24T20:46:25,2018-09-24T20:46:46,1,19,5,N,1,75,0,0,15.05,0,0.3,90.35,230,230
2,2018-09-24T21:03:49,2018-09-24T21:31:53,1,13.02,1,N,1,37.5,0.5,0.5,7.76,0,0.3,46.56,233,67
1,2018-04-14T17:06:51,2018-04-14T17:25:13,1,7.1,1,N,1,22,0,0.5,6.8,0,0.3,29.6,75,243
2,2018-04-14T16:59:59,2018-04-14T17:30:32,1,05.07,1,N,2,23.5,0,0.5,0,0,0.3,24.3,12,107
2,2018-04-14T18:02:37,2018-04-14T18:38:25,2,6.92,1,N,1,27.5,0,0.5,5.66,0,0.3,33.96,186,255
2,2018-04-14T18:06:32,2018-04-14T18:48:15,1,4.31,1,N,1,25.5,0,0.5,5.26,0,0.3,31.56,255,107
1,2018-04-14T18:06:18,2018-04-14T18:39:44,1,6.7,1,N,1,26,0,0.5,5.35,0,0.3,32.15,164,49
2,2018-04-14T19:49:09,2018-04-14T20:24:24,1,12.59,1,N,1,36.5,0,0.5,0,0,0.3,37.3,97,168
1,2018-04-14T21:50:07,2018-04-14T21:51:01,1,0.2,1,N,1,3,0.5,0.5,0.85,0,0.3,5.15,234,164
2,2018-04-14T20:54:02,2018-04-14T21:37:07,1,7.31,1,N,1,30.5,0.5,0.5,0,0,0.3,31.8,158,7
2,2018-04-14T21:28:52,2018-04-14T22:12:24,1,5.63,1,N,1,28,0.5,0.5,5,0,0.3,34.3,79,79
2,2018-04-14T22:18:53,2018-04-14T22:53:36,1,6.13,1,N,2,25.5,0.5,0.5,0,0,0.3,26.8,148,234
1,2018-04-14T22:07:59,2018-04-14T23:06:34,2,9.9,1,N,1,40.5,0.5,0.5,8.35,0,0.3,50.15,256,107
1,2018-04-14T22:32:54,2018-04-14T23:03:11,1,4.7,1,N,1,21.5,0.5,0.5,4.55,0,0.3,27.35,264,264
2,2018-04-14T23:45:46,2018-04-15T00:10:42,3,5.9,1,N,1,22.5,0.5,0.5,3,0,0.3,26.8,24,158
1,2018-04-14T23:23:43,2018-04-14T23:50:11,1,5.6,1,N,1,21.5,0.5,0.5,4.55,0,0.3,27.35,263,226
2,2018-04-14T23:21:43,2018-04-15T00:10:59,5,18.67,1,N,1,55,0.5,0.5,1,0,0.3,57.3,132,49
2,2018-04-15T00:53:58,2018-04-15T01:28:10,1,7.75,1,N,1,27,0.5,0.5,0,0,0.3,28.3,48,49
1,2018-04-15T00:43:19,2018-04-15T01:19:59,2,5.5,1,N,1,25.5,0.5,0.5,5.35,0,0.3,32.15,68,145
1,2018-04-15T00:55:30,2018-04-15T01:10:47,1,7.8,1,N,2,22.5,0.5,0.5,0,0,0.3,23.8,239,169
2,2018-11-06T10:17:03,2018-11-06T10:48:13,1,4.3,1,N,2,21.5,0,0.5,0,0,0.3,22.3,230,231
1,2018-11-06T12:56:30,2018-11-06T13:36:09,1,3.9,1,N,1,24,0,0.5,4.95,0,0.3,29.75,264,158
1,2018-11-06T12:53:01,2018-11-06T13:44:46,1,3.3,1,N,1,29.5,0,0.5,4,0,0.3,34.3,137,236
2,2018-11-06T13:48:09,2018-11-06T14:32:41,1,09.08,1,N,1,36.5,0,0.5,8.61,5.76,0.3,51.67,138,100
2,2018-11-06T13:09:57,2018-11-06T14:02:59,5,12.88,1,N,1,44,0,0.5,4,0,0.3,48.8,132,97
1,2018-11-06T14:58:31,2018-11-06T15:35:23,1,7.2,1,N,1,28,0,0.5,7.2,0,0.3,36,236,80
2,2018-11-06T14:07:53,2018-11-06T14:32:07,1,6.97,1,N,1,24.5,0,0.5,7.59,0,0.3,32.89,137,181
2,2018-11-06T16:17:00,2018-11-06T17:02:16,2,8.68,1,N,1,33.5,0,0.5,5,0,0.3,39.3,138,143
1,2018-11-06T16:37:34,2018-11-06T17:06:04,1,5.6,1,N,1,22.5,0,0.5,4.65,0,0.3,27.95,88,164
2,2018-11-06T16:35:04,2018-11-06T17:10:03,1,10.64,1,N,1,33.5,0,0.5,12.02,5.76,0.3,52.08,138,113
2,2018-11-06T17:05:48,2018-11-06T18:02:05,1,13.82,1,N,1,46.5,0,0.5,0,5.76,0.3,53.06,237,95
4,2018-11-06T17:36:12,2018-11-06T18:24:12,1,13.99,4,N,2,53.5,0,0.5,0,0,0.3,54.3,138,265
2,2018-11-06T18:38:53,2018-11-06T19:05:31,1,9.32,1,N,1,29,0,0.5,5.96,0,0.3,35.76,234,244
2,2018-11-06T19:46:42,2018-11-06T19:46:59,1,0.01,5,N,1,68,0,0.5,0,0,0.3,68.8,161,163
2,2018-06-12T19:16:04,2018-06-12T19:51:33,5,11.2,1,N,1,35.5,1,0.5,10.76,5.76,0.3,53.82,138,100
2,2018-06-12T19:17:41,2018-06-12T20:10:04,1,20.38,1,N,1,61,1,0.5,15.7,0,0.3,78.5,132,257
1,2018-06-12T20:17:50,2018-06-12T20:43:11,1,8.1,1,N,1,26.5,0.5,0.5,8.3,0,0.3,36.1,161,160
1,2018-06-12T20:34:43,2018-06-12T21:04:37,1,5.5,1,N,1,22.5,0.5,0.5,5.95,0,0.3,29.75,148,239
2,2018-06-12T21:27:16,2018-06-12T21:47:29,1,7.28,1,N,1,23.5,0.5,0.5,7.44,0,0.3,32.24,48,244
1,2018-06-12T21:07:15,2018-06-12T21:32:47,1,8.4,1,N,1,27.5,0.5,0.5,6,5.76,0.3,40.56,138,164
2,2018-06-12T22:07:55,2018-06-12T22:29:42,1,6.91,1,N,1,23,0.5,0.5,4.86,0,0.3,29.16,162,33
2,2018-06-12T22:44:37,2018-06-12T23:13:23,1,5.87,1,N,1,23.5,0.5,0.5,5,0,0.3,29.8,107,181
1,2018-06-12T23:51:35,2018-06-13T00:09:10,2,7.6,1,N,1,23,0.5,0.5,0,5.76,0.3,30.06,13,14
2,2018-06-13T02:37:49,2018-06-13T03:12:11,1,11.78,1,N,2,36.5,0.5,0.5,0,0,0.3,37.8,114,173
1,2018-06-13T07:35:50,2018-06-13T08:03:01,1,9.2,1,N,1,30,0,0.5,6,8.5,0.3,45.3,170,138
1,2018-06-13T07:20:59,2018-06-13T07:58:48,1,8.6,1,N,1,31,0,0.5,7.5,5.76,0.3,45.06,264,100
2,2018-06-13T07:31:07,2018-06-13T08:06:07,1,9.38,1,N,1,33.5,0,0.5,08.01,5.76,0.3,48.07,234,138
1,2018-06-13T08:33:06,2018-06-13T08:33:28,1,0,5,N,1,59,0,0,11.85,0,0.3,71.15,132,132
2,2018-06-13T09:25:51,2018-06-13T10:03:47,1,12.17,1,N,1,39.5,0,0.5,11.52,5.76,0.3,57.58,138,186
1,2018-11-16T22:12:09,2018-11-16T22:41:36,1,12.5,1,N,1,36.5,0.5,0.5,5,0,0.3,42.8,138,87
2,2018-11-16T22:49:25,2018-11-16T23:13:28,1,12.29,1,N,1,35,0.5,0.5,5,0,0.3,41.3,138,209
2,2018-11-16T22:32:46,2018-11-16T23:10:21,1,6.68,1,N,2,27,0.5,0.5,0,0,0.3,28.3,48,48
2,2018-11-16T22:00:34,2018-11-16T22:27:29,1,10.28,1,N,1,31.5,0.5,0.5,9.64,5.76,0.3,48.2,138,142
2,2018-11-16T23:45:26,2018-11-17T00:25:26,1,10.71,1,N,2,36.5,0.5,0.5,0,5.76,0.3,43.56,138,230
1,2018-11-16T23:28:10,2018-11-16T23:56:53,1,12.6,1,N,1,36.5,0.5,0.5,5,5.76,0.3,48.56,231,7